size,block,encrypted,signed,compressed,repeat,bytes,write_us,open_us,whole_us,range_us,compression_requested,storage,corpus
4194304,16384,false,false,false,1,4202613,29420.970,64.181,4288.692,42.321,false,file,random
4194304,16384,false,false,false,2,4202613,12262.399,46.101,4132.730,42.981,false,file,random
4194304,16384,false,false,false,3,4202613,13741.651,62.771,4305.453,49.811,false,file,random
4194304,16384,false,false,false,4,4202613,14059.306,48.831,4108.510,46.661,false,file,random
4194304,16384,false,false,false,5,4202613,11406.217,56.590,4110.710,41.100,false,file,random
4194304,16384,true,false,false,1,4206725,14676.584,56.021,6966.752,48.110,false,file,random
4194304,16384,true,false,false,2,4206725,16611.972,58.691,6937.442,46.350,false,file,random
4194304,16384,true,false,false,3,4206725,16472.481,67.511,7068.573,46.441,false,file,random
4194304,16384,true,false,false,4,4206725,14099.816,42.821,6998.122,45.961,false,file,random
4194304,16384,true,false,false,5,4206725,15924.322,51.741,6935.041,54.541,false,file,random
4194304,16384,false,true,false,1,4202613,13440.106,6273.192,2515.487,40.611,false,file,random
4194304,16384,false,true,false,2,4202613,13188.192,6366.263,2544.977,39.451,false,file,random
4194304,16384,false,true,false,3,4202613,13418.346,6325.112,2507.577,37.810,false,file,random
4194304,16384,false,true,false,4,4202613,11890.414,6341.292,2504.237,32.310,false,file,random
4194304,16384,false,true,false,5,4202613,11526.048,6338.202,2526.147,39.940,false,file,random
4194304,16384,true,true,false,1,4206725,17233.071,9267.226,5520.750,45.421,false,file,random
4194304,16384,true,true,false,2,4206725,16576.732,9206.114,5499.031,45.831,false,file,random
4194304,16384,true,true,false,3,4206725,14390.710,9250.705,5505.421,41.851,false,file,random
4194304,16384,true,true,false,4,4206725,17147.040,9365.407,5624.522,63.591,false,file,random
4194304,16384,true,true,false,5,4206725,131057.244,11922.644,6416.014,78.351,false,file,random
4194304,16384,false,false,false,1,4202613,240770.836,62.031,4236.491,33.691,true,file,random
4194304,16384,false,false,false,2,4202613,186623.755,104.911,4955.073,51.551,true,file,random
4194304,16384,false,false,false,3,4202613,69705.808,61.351,4250.532,26.320,true,file,random
4194304,16384,false,false,false,4,4202613,70078.344,97.121,4465.065,36.370,true,file,random
4194304,16384,false,false,false,5,4202613,70046.873,89.702,7140.484,71.691,true,file,random
4194304,16384,true,false,false,1,4206725,22585.609,70.632,7288.316,44.970,true,file,random
4194304,16384,true,false,false,2,4206725,21885.349,57.101,7098.554,43.060,true,file,random
4194304,16384,true,false,false,3,4206725,22768.123,73.861,7170.525,71.961,true,file,random
4194304,16384,true,false,false,4,4206725,22365.216,69.731,7117.994,79.021,true,file,random
4194304,16384,true,false,false,5,4206725,22284.195,72.241,7136.974,61.461,true,file,random
4194304,16384,false,true,false,1,4202613,17904.902,6446.744,2572.587,34.350,true,file,random
4194304,16384,false,true,false,2,4202613,18654.122,6675.097,2620.179,33.561,true,file,random
4194304,16384,false,true,false,3,4202613,16987.159,6430.723,2588.548,31.101,true,file,random
4194304,16384,false,true,false,4,4202613,19303.182,6412.734,2511.817,26.170,true,file,random
4194304,16384,false,true,false,5,4202613,34823.549,6378.313,2561.837,30.711,true,file,random
4194304,16384,true,true,false,1,4206725,21307.251,9366.397,5458.340,40.801,true,file,random
4194304,16384,true,true,false,2,4206725,19373.643,10847.949,5903.306,65.461,true,file,random
4194304,16384,true,true,false,3,4206725,22822.203,9514.659,5466.140,54.240,true,file,random
4194304,16384,true,true,false,4,4206725,23218.119,10275.930,5719.284,49.600,true,file,random
4194304,16384,true,true,false,5,4206725,21378.032,9329.646,5512.191,52.681,true,file,random
4194304,65536,false,false,false,1,4196469,13078.151,28.710,4113.280,97.131,false,file,random
4194304,65536,false,false,false,2,4196469,13079.041,40.550,4437.545,125.802,false,file,random
4194304,65536,false,false,false,3,4196469,11685.130,45.031,4418.025,120.752,false,file,random
4194304,65536,false,false,false,4,4196469,28784.780,92.112,4356.253,133.382,false,file,random
4194304,65536,false,false,false,5,4196469,14787.416,64.251,4889.361,158.803,false,file,random
4194304,65536,true,false,false,1,4197509,16728.174,71.801,6969.782,175.703,false,file,random
4194304,65536,true,false,false,2,4197509,16370.209,79.251,7014.112,156.692,false,file,random
4194304,65536,true,false,false,3,4197509,16339.269,64.921,6830.360,169.653,false,file,random
4194304,65536,true,false,false,4,4197509,17408.304,65.651,7249.415,168.973,false,file,random
4194304,65536,true,false,false,5,4197509,16054.575,51.860,6886.131,145.752,false,file,random
4194304,65536,false,true,false,1,4196469,14530.032,6612.336,2715.000,137.822,false,file,random
4194304,65536,false,true,false,2,4196469,13628.429,6436.614,2514.227,96.062,false,file,random
4194304,65536,false,true,false,3,4196469,136083.197,6297.632,2472.176,100.631,false,file,random
4194304,65536,false,true,false,4,4196469,232498.826,7685.232,3025.864,120.502,false,file,random
4194304,65536,false,true,false,5,4196469,224668.191,7272.706,2657.459,126.992,false,file,random
4194304,65536,true,true,false,1,4197509,56984.532,13327.285,7456.339,212.273,false,file,random
4194304,65536,true,true,false,2,4197509,127986.889,9129.173,5326.858,156.342,false,file,random
4194304,65536,true,true,false,3,4197509,28286.283,13871.653,7784.564,261.904,false,file,random
4194304,65536,true,true,false,4,4197509,16177.766,10448.253,5509.080,182.843,false,file,random
4194304,65536,true,true,false,5,4197509,16978.238,9458.358,5632.623,203.313,false,file,random
4194304,65536,false,false,false,1,4196469,20011.342,59.661,2814.141,128.522,true,file,random
4194304,65536,false,false,false,2,4196469,19795.190,58.320,2917.803,128.632,true,file,random
4194304,65536,false,false,false,3,4196469,19318.292,47.771,3136.495,128.632,true,file,random
4194304,65536,false,false,false,4,4196469,20841.885,70.761,2919.142,142.042,true,file,random
4194304,65536,false,false,false,5,4196469,20228.996,59.750,2819.682,119.232,true,file,random
4194304,65536,true,false,false,1,4197509,22364.796,57.861,5316.918,150.342,true,file,random
4194304,65536,true,false,false,2,4197509,39587.488,76.831,5343.868,155.152,true,file,random
4194304,65536,true,false,false,3,4197509,21160.698,57.051,5361.429,166.292,true,file,random
4194304,65536,true,false,false,4,4197509,22319.786,68.631,5520.050,179.563,true,file,random
4194304,65536,true,false,false,5,4197509,20903.116,65.271,5830.375,197.123,true,file,random
4194304,65536,false,true,false,1,4196469,19356.932,4853.701,2492.046,104.082,true,file,random
4194304,65536,false,true,false,2,4196469,18594.001,4907.442,2490.586,112.602,true,file,random
4194304,65536,false,true,false,3,4196469,16409.689,4913.712,2481.676,96.961,true,file,random
4194304,65536,false,true,false,4,4196469,19344.462,4853.431,2483.976,102.732,true,file,random
4194304,65536,false,true,false,5,4196469,19565.286,5081.544,2529.427,99.611,true,file,random
4194304,65536,true,true,false,1,4197509,39926.283,7630.692,5174.685,152.782,true,file,random
4194304,65536,true,true,false,2,4197509,19099.199,7469.469,5019.753,140.112,true,file,random
4194304,65536,true,true,false,3,4197509,21139.569,7256.486,5006.633,137.442,true,file,random
4194304,65536,true,true,false,4,4197509,21512.114,7229.996,5007.223,137.962,true,file,random
4194304,65536,true,true,false,5,4197509,20699.842,7268.456,4985.853,140.232,true,file,random
4194304,262144,false,false,false,1,4194933,12923.209,28.281,4147.800,335.485,false,file,random
4194304,262144,false,false,false,2,4194933,13133.692,24.120,4090.780,393.136,false,file,random
4194304,262144,false,false,false,3,4194933,13415.466,23.990,4123.211,349.516,false,file,random
4194304,262144,false,false,false,4,4194933,13836.092,43.421,4185.881,365.865,false,file,random
4194304,262144,false,false,false,5,4194933,14051.646,37.850,4158.321,353.175,false,file,random
4194304,262144,true,false,false,1,4195205,16126.566,54.501,7039.893,612.319,false,file,random
4194304,262144,true,false,false,2,4195205,16534.142,51.221,6713.818,553.018,false,file,random
4194304,262144,true,false,false,3,4195205,17471.605,67.681,7070.613,640.519,false,file,random
4194304,262144,true,false,false,4,4195205,16593.042,83.992,7887.615,658.530,false,file,random
4194304,262144,true,false,false,5,4195205,16524.522,56.970,6796.900,526.118,false,file,random
4194304,262144,false,true,false,1,4194933,14292.369,6530.905,2702.520,390.866,false,file,random
4194304,262144,false,true,false,2,4194933,11168.904,6382.383,2554.417,352.355,false,file,random
4194304,262144,false,true,false,3,4194933,13784.141,6634.047,2726.190,372.215,false,file,random
4194304,262144,false,true,false,4,4194933,13215.013,6335.142,2517.707,354.925,false,file,random
4194304,262144,false,true,false,5,4194933,34045.947,6739.628,2543.798,349.375,false,file,random
4194304,262144,true,true,false,1,4195205,50496.978,9814.573,4994.733,536.568,false,file,random
4194304,262144,true,true,false,2,4195205,51715.815,9687.592,4944.962,505.808,false,file,random
4194304,262144,true,true,false,3,4195205,54407.935,8826.818,4970.543,516.977,false,file,random
4194304,262144,true,true,false,4,4195205,54504.016,9119.633,4963.832,507.507,false,file,random
4194304,262144,true,true,false,5,4195205,52577.028,10474.513,5117.905,546.328,false,file,random
4194304,262144,false,false,false,1,4194933,19424.874,43.170,2703.580,347.566,true,file,random
4194304,262144,false,false,false,2,4194933,18018.763,61.511,2890.983,407.076,true,file,random
4194304,262144,false,false,false,3,4194933,19059.918,49.921,2723.070,351.215,true,file,random
4194304,262144,false,false,false,4,4194933,18284.697,42.411,2692.849,368.006,true,file,random
4194304,262144,false,false,false,5,4194933,18478.000,45.880,2766.021,353.785,true,file,random
4194304,262144,true,false,false,1,4195205,21367.352,42.860,5798.455,546.858,true,file,random
4194304,262144,true,false,false,2,4195205,19849.459,68.021,5444.730,535.367,true,file,random
4194304,262144,true,false,false,3,4195205,20672.262,34.281,5065.964,512.927,true,file,random
4194304,262144,true,false,false,4,4195205,21212.020,66.871,5369.218,557.989,true,file,random
4194304,262144,true,false,false,5,4195205,37551.228,59.381,5170.865,511.687,true,file,random
4194304,262144,false,true,false,1,4194933,17718.149,4851.240,2556.808,384.696,true,file,random
4194304,262144,false,true,false,2,4194933,18613.422,4871.271,2501.977,351.715,true,file,random
4194304,262144,false,true,false,3,4194933,20428.208,5141.426,2582.637,404.486,true,file,random
4194304,262144,false,true,false,4,4194933,19195.460,5003.743,2610.508,395.096,true,file,random
4194304,262144,false,true,false,5,4194933,19139.529,5103.805,2544.417,380.576,true,file,random
4194304,262144,true,true,false,1,4195205,21159.549,7537.720,5105.965,577.529,true,file,random
4194304,262144,true,true,false,2,4195205,20297.227,8240.180,5370.649,560.108,true,file,random
4194304,262144,true,true,false,3,4195205,20090.214,8272.860,5172.946,523.427,true,file,random
4194304,262144,true,true,false,4,4195205,38586.634,7666.352,6075.429,680.660,true,file,random
4194304,262144,true,true,false,5,4195205,22753.032,7656.032,5029.743,545.638,true,file,random
