key,zip_ms,existing_ms,experimental_ms,existing_ratio,experimental_ratio,zip_min,zip_max,existing_min,existing_max,experimental_min,experimental_max,zip_bytes,existing_bytes,experimental_bytes,zip_open_ms,existing_open_ms,experimental_open_ms
small-pattern|false|Interactive|stream,6.503,3.7835,18.6895,0.5705,2.9195,6.348,6.712,3.716,3.851,18.53,18.849,2151446,2477440,2995584,3.064,0.5615,0.679
small-pattern|false|Interactive|random,6.644,3.711,18.9255,0.541,2.934,6.434,6.902,3.698,3.724,18.803,19.048,2151446,2477440,2995584,3.0885,0.5495,0.6555
small-pattern|false|ReadMostly|stream,6.5915,3.94,18.684,0.5825,2.943,6.27,6.764,3.926,3.954,18.44,18.928,2151446,2477440,2995584,3.1165,0.561,0.6695
small-pattern|false|ReadMostly|random,6.6885,3.682,18.887,0.537,2.9125,6.424,6.881,3.677,3.687,18.725,19.049,2151446,2477440,2995584,3.0965,0.5445,0.658
small-pattern|true|Interactive|stream,6.972,3.255,20.5485,0.4675,2.945,6.852,7.087,3.24,3.27,20.412,20.685,237078,531840,836992,2.946,0.689,0.9345
small-pattern|true|Interactive|random,7.1285,3.5055,20.681,0.4915,2.916,6.921,7.268,3.493,3.518,20.551,20.811,237078,531840,836992,2.9625,0.695,0.9315
small-pattern|true|ReadMostly|stream,7.0405,3.504,20.5955,0.501,2.916,6.879,7.163,3.495,3.513,20.567,20.624,237078,531840,836992,2.971,0.694,0.9345
small-pattern|true|ReadMostly|random,7.0925,3.797,20.766,0.533,2.9345,6.952,7.271,3.791,3.803,20.725,20.807,237078,531840,836992,2.966,0.7,0.9295
1m-pattern|false|Interactive|stream,0.963,8.605,2.819,8.8055,2.95,0.951,0.988,8.576,8.634,2.813,2.825,4194750,4464000,4475264,0.0345,0.164,0.127
1m-pattern|false|Interactive|random,0.9665,8.6585,3.8175,8.6125,4.0055,0.949,1.036,8.463,8.854,3.612,4.023,4194750,4464000,4475264,0.036,0.1705,0.144
1m-pattern|false|Interactive|range,0.104,8.352,0.5345,81.303,5.11,0.101,0.107,8.279,8.425,0.504,0.565,4194750,4464000,4475264,0.0345,0.1585,0.1305
1m-pattern|false|ReadMostly|stream,1.01,9.017,3.2235,8.927,2.908,0.964,1.256,9.012,9.022,2.836,3.611,4194750,4464000,4475264,0.038,0.174,0.17
1m-pattern|false|ReadMostly|random,1.0225,8.5275,3.895,8.339,3.4435,1.001,1.278,8.501,8.554,3.658,4.132,4194750,4464000,4475264,0.0395,0.169,0.157
1m-pattern|false|ReadMostly|range,0.104,8.499,0.531,83.305,5.025,0.1,0.107,8.25,8.748,0.521,0.541,4194750,4464000,4475264,0.0345,0.171,0.129
1m-pattern|true|Interactive|stream,0.8805,1.6885,5.243,1.9215,5.747,0.876,0.945,1.686,1.691,5.139,5.347,56150,297344,301440,0.034,0.15,0.1605
1m-pattern|true|Interactive|random,0.908,1.7885,5.6055,2.001,6.0975,0.887,0.924,1.768,1.809,5.581,5.63,56150,297344,301440,0.0345,0.1505,0.1525
1m-pattern|true|Interactive|range,1.2945,1.6285,5.0965,1.271,3.898,1.272,1.316,1.621,1.636,5.039,5.154,56150,297344,301440,0.0325,0.1495,0.15
1m-pattern|true|ReadMostly|stream,0.904,1.878,5.1315,2.093,5.661,0.888,0.911,1.871,1.885,5.09,5.173,56150,297344,301440,0.033,0.1575,0.1515
1m-pattern|true|ReadMostly|random,0.897,1.958,5.5605,2.1965,6.0815,0.888,0.93,1.956,1.96,5.552,5.569,56150,297344,301440,0.0335,0.1545,0.1495
1m-pattern|true|ReadMostly|range,1.2925,1.7915,5.056,1.3965,3.9,1.27,1.303,1.789,1.794,5.052,5.06,56150,297344,301440,0.0325,0.1515,0.1455
8m-pattern|false|Interactive|stream,8.525,48.7955,22.042,5.5995,2.614,8.308,8.956,48.325,49.266,22.034,22.05,33554878,33832320,33908096,0.049,0.2225,0.1705
8m-pattern|false|Interactive|random,8.4305,48.631,28.5815,5.609,3.4075,8.29,8.988,48.581,48.681,28.542,28.621,33554878,33832320,33908096,0.049,0.2205,0.1655
8m-pattern|false|Interactive|range,0.1055,46.485,0.964,411.749,9.404,0.102,0.118,46.083,46.887,0.913,1.015,33554878,33832320,33908096,0.0365,0.226,0.148
8m-pattern|false|ReadMostly|stream,8.6225,56.3935,22.094,6.4935,2.583,8.339,8.919,55.936,56.851,22.039,22.149,33554878,33832320,33908096,0.0495,0.2205,0.17
8m-pattern|false|ReadMostly|random,8.6995,43.1245,28.796,4.9615,3.319,8.352,9.02,42.959,43.29,28.606,28.986,33554878,33832320,33908096,0.051,0.2305,0.1715
8m-pattern|false|ReadMostly|range,0.112,40.666,1.0535,363.8645,9.407,0.104,0.119,40.379,40.953,0.909,1.198,33554878,33832320,33908096,0.039,0.23,0.161
8m-pattern|true|Interactive|stream,7.3645,11.567,12.083,1.5705,1.622,7.333,7.569,11.55,11.584,12.013,12.153,436588,444800,458112,0.0475,0.203,0.1925
8m-pattern|true|Interactive|random,7.4285,12.31,15.561,1.672,2.0615,7.352,7.611,12.28,12.34,15.528,15.594,436588,444800,458112,0.0485,0.213,0.1905
8m-pattern|true|Interactive|range,9.5845,10.308,10.6255,1.0735,1.1105,9.546,9.622,10.254,10.362,10.597,10.654,436588,444800,458112,0.04,0.1795,0.1595
8m-pattern|true|ReadMostly|stream,7.4745,15.21,12.0725,2.0495,1.603,7.396,7.562,15.076,15.344,12.037,12.108,436588,444800,458112,0.048,0.259,0.1915
8m-pattern|true|ReadMostly|random,7.4845,16.5345,15.5795,2.228,2.0605,7.398,7.598,16.518,16.551,15.523,15.636,436588,444800,458112,0.0515,0.266,0.196
8m-pattern|true|ReadMostly|range,9.5195,14.1275,10.6425,1.492,1.1115,9.435,9.62,14.121,14.134,10.541,10.744,436588,444800,458112,0.041,0.257,0.166
64m-pattern|false|Interactive|stream,76.074,398.383,178.067,5.948,2.0865,66.339,86.201,392.967,403.799,176.773,179.361,268435902,268757376,269385088,0.054,0.317,0.2355
64m-pattern|false|Interactive|random,87.8115,389.538,248.414,4.515,2.8185,83.674,89.524,387.606,391.47,233.955,262.873,268435902,268757376,269385088,0.0585,0.333,0.2425
64m-pattern|false|Interactive|range,0.1195,65.164,1.0505,554.553,8.7215,0.116,0.121,64.988,65.34,1.041,1.06,268435902,268757376,269385088,0.04,0.2905,0.2115
64m-pattern|false|ReadMostly|stream,86.2475,439.2775,190.623,5.2235,2.146,83.394,90.042,436.749,441.806,189.949,191.297,268435902,268757376,269385088,0.0585,0.3685,0.3085
64m-pattern|false|ReadMostly|random,85.2725,365.053,250.005,4.295,2.837,84.732,91.214,364.837,365.269,248.394,251.616,268435902,268757376,269385088,0.058,0.3575,0.2975
64m-pattern|false|ReadMostly|range,0.1205,66.263,1.0385,542.619,8.6835,0.118,0.124,65.75,66.776,1.035,1.042,268435902,268757376,269385088,0.0415,0.295,0.2105
64m-pattern|true|Interactive|stream,59.0335,99.5065,320.907,1.7035,5.397,58.133,59.555,99.402,99.611,318.499,323.315,3479856,1846656,1967488,0.0505,0.314,0.3445
64m-pattern|true|Interactive|random,59.253,105.3015,351.026,1.7835,5.8865,58.88,59.965,104.871,105.732,347.385,354.667,3479856,1846656,1967488,0.0555,0.3245,0.352
64m-pattern|true|Interactive|range,77.514,15.8405,43.526,0.157,0.5605,73.97,132.085,12.529,19.152,39.015,48.037,3479856,1846656,1967488,0.0505,0.3285,0.402
64m-pattern|true|ReadMostly|stream,61.2265,145.5035,322.701,1.931,5.2775,58.645,94.313,120.393,170.614,321.387,324.015,3479856,1846656,1967488,0.0555,0.4235,0.3555
64m-pattern|true|ReadMostly|random,59.9395,126.0105,354.7535,1.7495,5.918,58.361,94.178,125.755,126.266,348.432,361.075,3479856,1846656,1967488,0.0565,0.3725,0.36
64m-pattern|true|ReadMostly|range,75.7275,16.76,39.343,0.2195,0.5195,75.508,77.469,16.661,16.859,39.22,39.466,3479856,1846656,1967488,0.0495,0.3585,0.3225
8m-random|false|Interactive|stream,8.6395,49.4795,22.767,5.8495,2.5025,8.395,9.449,49.138,49.821,22.306,23.228,33554878,33832320,33908096,0.0515,0.227,0.1715
8m-random|false|Interactive|random,9.0445,49.4635,29.565,5.5075,3.169,8.437,10.252,48.347,50.58,28.713,30.417,33554878,33832320,33908096,0.05,0.234,0.1735
8m-random|false|Interactive|range,0.1145,47.9315,0.9525,420.1885,8.278,0.107,0.124,46.931,48.932,0.925,0.98,33554878,33832320,33908096,0.04,0.2365,0.145
8m-random|false|ReadMostly|stream,8.9195,59.0125,23.1205,6.6665,2.4725,8.461,10.183,56.852,61.173,22.172,24.069,33554878,33832320,33908096,0.0535,0.2295,0.184
8m-random|false|ReadMostly|random,9.233,44.675,29.5305,4.872,3.139,8.458,10.465,43.693,45.657,28.608,30.453,33554878,33832320,33908096,0.055,0.239,0.178
8m-random|false|ReadMostly|range,0.12,41.589,0.936,323.649,8.3385,0.107,0.136,40.44,42.738,0.907,0.965,33554878,33832320,33908096,0.0415,0.2365,0.143
8m-random|true|Interactive|stream,18.346,45.2905,22.931,2.469,1.2215,18.074,19.493,44.104,46.477,22.529,23.333,33565138,33831296,33906048,0.0485,0.27,0.211
8m-random|true|Interactive|random,18.0825,43.438,30.0135,2.4035,1.6195,17.769,19.305,42.71,44.166,29.129,30.898,33565138,33831296,33906048,0.048,0.27,0.203
8m-random|true|Interactive|range,24.97,41.793,1.0035,1.6745,0.039,24.41,26.883,40.647,42.939,1.001,1.006,33565138,33831296,33906048,0.0425,0.2705,0.1625
8m-random|true|ReadMostly|stream,19.186,59.902,23.7245,3.109,1.259,17.821,20.072,57.612,62.192,22.846,24.603,33565138,33831296,33906048,0.05,0.261,0.2125
8m-random|true|ReadMostly|random,19.4795,44.2425,29.3115,2.274,1.506,18.69,20.261,43.532,44.953,29.29,29.333,33565138,33831296,33906048,0.052,0.2745,0.194
8m-random|true|ReadMostly|range,26.1285,41.969,0.9945,1.5385,0.0395,24.526,28.153,41.814,42.124,0.991,0.998,33565138,33831296,33906048,0.0465,0.269,0.1625
