phase,mode,compressed,size,corpus,sample,open_us,read_us,total_us,archive_bytes
stream,encrypted,true,8388608,random,0,606.328,25251.700,28605.524,8659328
stream,plain,true,8388608,random,0,398.345,14831.354,18491.881,8659328
whole,encrypted-signed,false,8388608,random,0,1232.296,33084.302,38148.978,8673664
stream,signed,true,8388608,random,0,21745.844,4813.573,28749.365,8669568
stream,encrypted,false,8388608,random,0,410.046,17844.283,22027.338,8659328
whole,encrypted-signed,true,8388608,random,0,1220.406,32899.680,38887.098,8669568
whole,signed,true,8388608,random,0,20881.423,15078.287,40047.683,8669568
range,encrypted,true,8388608,random,0,260.963,14963.466,18470.781,8659328
whole,plain,false,8388608,random,0,380.445,26620.327,31117.316,8659328
range,encrypted,false,8388608,random,0,250.133,15049.567,18635.223,8659328
range,encrypted-signed,true,8388608,random,0,1047.414,14615.591,18906.507,8669568
whole,signed,false,8388608,random,0,21967.657,14874.684,40424.048,8673664
range,encrypted-signed,false,8388608,random,0,1026.963,13121.852,17353.596,8673664
range,plain,false,8388608,random,0,205.323,9992.620,11831.535,8659328
range,signed,false,8388608,random,0,16519.606,1074.984,19805.839,8673664
stream,encrypted-signed,true,8388608,random,0,1109.484,16766.580,21670.483,8669568
stream,signed,false,8388608,random,0,20542.678,4813.323,27524.229,8673664
whole,encrypted,false,8388608,random,0,233.033,26782.790,31629.523,8659328
whole,plain,true,8388608,random,0,241.733,25678.676,29919.961,8659328
range,plain,true,8388608,random,0,246.004,9970.340,11829.165,8659328
stream,plain,false,8388608,random,0,226.593,11264.247,13642.578,8659328
stream,encrypted-signed,false,8388608,random,0,1036.534,16749.139,21570.002,8673664
range,signed,true,8388608,random,0,20535.468,1059.394,23724.030,8669568
whole,encrypted,true,8388608,random,0,253.554,26782.279,31587.613,8659328
range,signed,true,8388608,random,1,20414.776,1055.364,23609.778,8669568
range,encrypted-signed,true,8388608,random,1,1054.574,10558.318,14920.535,8669568
stream,plain,false,8388608,random,1,225.123,15379.471,17776.112,8659328
stream,plain,true,8388608,random,1,251.113,11056.935,13466.006,8659328
range,signed,false,8388608,random,1,16271.863,1060.504,19514.476,8673664
range,plain,true,8388608,random,1,259.814,5947.587,7835.593,8659328
range,encrypted,false,8388608,random,1,251.474,10753.230,14264.687,8659328
whole,encrypted,true,8388608,random,1,247.114,30878.723,35635.826,8659328
stream,encrypted,true,8388608,random,1,257.783,20823.732,24879.315,8659328
whole,encrypted-signed,true,8388608,random,1,1058.834,30932.194,36502.357,8669568
whole,plain,false,8388608,random,1,219.343,25509.074,29726.059,8659328
whole,signed,true,8388608,random,1,20273.285,15231.749,39588.488,8669568
range,encrypted,true,8388608,random,1,255.494,14786.263,18257.489,8659328
whole,encrypted-signed,false,8388608,random,1,1010.353,31296.499,36849.941,8673664
stream,signed,true,8388608,random,1,20768.301,4920.135,27853.114,8669568
range,plain,false,8388608,random,1,217.413,6071.809,7944.403,8659328
stream,signed,false,8388608,random,1,17141.304,4827.493,24141.806,8673664
stream,encrypted-signed,true,8388608,random,1,1131.354,17156.954,22508.534,8669568
whole,signed,false,8388608,random,1,20959.554,15091.787,39725.390,8673664
whole,plain,true,8388608,random,1,395.225,24940.576,29297.223,8659328
stream,encrypted-signed,false,8388608,random,1,1087.614,22380.592,27406.288,8673664
stream,encrypted,false,8388608,random,1,374.025,22114.549,26392.695,8659328
whole,encrypted,false,8388608,random,1,241.053,31295.109,36057.711,8659328
range,encrypted-signed,false,8388608,random,1,1022.374,14848.094,19088.500,8673664
range,plain,false,8388608,random,2,329.934,10401.536,12348.291,8659328
range,encrypted,true,8388608,random,2,363.504,11663.333,15266.359,8659328
whole,encrypted-signed,true,8388608,random,2,1193.255,32291.892,37959.826,8669568
whole,signed,false,8388608,random,2,21386.239,14937.715,39920.491,8673664
whole,encrypted,true,8388608,random,2,249.653,29986.282,34956.627,8659328
stream,encrypted-signed,false,8388608,random,2,1038.354,21242.988,26060.221,8673664
range,signed,true,8388608,random,2,22042.968,1061.154,25270.200,8669568
stream,signed,false,8388608,random,2,16604.077,4841.683,23623.088,8673664
whole,signed,true,8388608,random,2,16326.584,15112.327,35907.220,8669568
stream,plain,true,8388608,random,2,260.704,15361.750,17778.883,8659328
stream,plain,false,8388608,random,2,219.563,11336.738,13694.749,8659328
range,encrypted-signed,true,8388608,random,2,1066.304,10550.418,14874.834,8669568
stream,signed,true,8388608,random,2,20770.342,4951.674,27901.165,8669568
range,encrypted-signed,false,8388608,random,2,1032.033,11070.715,15426.391,8673664
stream,encrypted-signed,true,8388608,random,2,1059.774,21427.450,26349.694,8669568
whole,plain,false,8388608,random,2,225.933,25978.090,30137.784,8659328
range,signed,false,8388608,random,2,20510.618,1051.234,23690.489,8673664
range,encrypted,false,8388608,random,2,239.873,10464.047,14070.254,8659328
whole,plain,true,8388608,random,2,253.583,25584.774,29802.999,8659328
whole,encrypted,false,8388608,random,2,244.763,31467.301,36203.993,8659328
stream,encrypted,false,8388608,random,2,249.793,20864.973,24833.184,8659328
stream,encrypted,true,8388608,random,2,250.053,20775.532,24753.824,8659328
whole,encrypted-signed,false,8388608,random,2,1011.833,31228.499,36706.370,8673664
range,plain,true,8388608,random,2,250.573,9955.130,11801.704,8659328
whole,encrypted,true,8388608,random,3,251.823,26716.259,31434.690,8659328
stream,encrypted,false,8388608,random,3,248.373,21025.885,25028.477,8659328
stream,plain,false,8388608,random,3,207.883,15368.631,17717.622,8659328
range,encrypted-signed,false,8388608,random,3,1034.694,10612.318,14869.165,8673664
range,plain,true,8388608,random,3,242.174,9809.638,11656.303,8659328
stream,encrypted,true,8388608,random,3,249.584,16726.728,20752.372,8659328
whole,encrypted,false,8388608,random,3,239.643,30836.393,35556.655,8659328
range,signed,false,8388608,random,3,20450.657,1048.444,23646.579,8673664
range,encrypted,true,8388608,random,3,266.343,11814.745,16066.060,8659328
range,plain,false,8388608,random,3,258.734,11462.300,13707.190,8659328
whole,signed,true,8388608,random,3,18252.498,19324.783,41614.753,8669568
whole,plain,false,8388608,random,3,221.143,26152.502,30354.817,8659328
whole,plain,true,8388608,random,3,246.513,26734.049,31992.818,8659328
stream,encrypted-signed,true,8388608,random,3,1109.245,21425.420,26476.886,8669568
stream,signed,true,8388608,random,3,21682.533,4881.294,28722.885,8669568
stream,plain,true,8388608,random,3,245.313,11155.016,13538.807,8659328
range,encrypted,false,8388608,random,3,223.592,10474.687,13970.372,8659328
range,signed,true,8388608,random,3,20831.872,1075.674,24104.785,8669568
whole,encrypted-signed,true,8388608,random,3,1098.755,29293.483,35035.958,8669568
stream,signed,false,8388608,random,3,20749.801,4877.264,27931.605,8673664
range,encrypted-signed,true,8388608,random,3,1092.944,10482.177,14869.574,8669568
whole,encrypted-signed,false,8388608,random,3,1032.743,31467.242,37175.526,8673664
whole,signed,false,8388608,random,3,20634.280,14939.935,39202.293,8673664
stream,encrypted-signed,false,8388608,random,3,1017.124,19387.603,24197.337,8673664
stream,encrypted,true,8388608,random,4,246.574,21023.004,25079.748,8659328
range,encrypted-signed,true,8388608,random,4,1051.203,16528.386,20838.562,8669568
stream,plain,false,8388608,random,4,206.102,15340.391,17673.181,8659328
range,signed,false,8388608,random,4,16029.100,1049.424,19204.761,8673664
whole,encrypted,true,8388608,random,4,241.483,26590.828,31397.210,8659328
range,encrypted-signed,false,8388608,random,4,1020.534,14966.195,19301.003,8673664
whole,encrypted-signed,false,8388608,random,4,1032.724,31810.516,37360.749,8673664
range,plain,false,8388608,random,4,219.902,9970.741,11781.394,8659328
range,encrypted,false,8388608,random,4,226.983,10364.426,14367.488,8659328
stream,plain,true,8388608,random,4,299.953,16173.102,18683.324,8659328
stream,signed,true,8388608,random,4,16474.366,4907.544,24201.677,8669568
whole,encrypted,false,8388608,random,4,327.344,27644.701,32499.904,8659328
stream,signed,false,8388608,random,4,20763.591,4934.705,27949.815,8673664
range,encrypted,true,8388608,random,4,249.363,10679.840,14224.186,8659328
stream,encrypted,false,8388608,random,4,235.673,21293.238,25372.221,8659328
whole,plain,false,8388608,random,4,223.453,26216.642,30521.689,8659328
range,signed,true,8388608,random,4,21259.128,1068.344,24546.881,8669568
stream,encrypted-signed,false,8388608,random,4,1218.256,17513.929,22913.130,8673664
range,plain,true,8388608,random,4,293.744,11734.583,14240.136,8659328
whole,signed,true,8388608,random,4,17817.233,15367.461,37489.650,8669568
whole,plain,true,8388608,random,4,279.944,26060.570,30434.788,8659328
stream,encrypted-signed,true,8388608,random,4,1207.075,22476.764,27537.110,8669568
whole,signed,false,8388608,random,4,21841.996,15275.870,40788.084,8673664
whole,encrypted-signed,true,8388608,random,4,1064.013,32671.948,38657.655,8669568
stream,encrypted-signed,true,8388608,random,5,1060.934,21190.827,26065.590,8669568
whole,plain,true,8388608,random,5,361.435,27469.399,31916.097,8659328
range,encrypted-signed,true,8388608,random,5,1075.044,17140.964,22465.224,8669568
stream,plain,true,8388608,random,5,257.934,16140.181,18585.243,8659328
range,encrypted,false,8388608,random,5,404.706,12293.960,16097.981,8659328
stream,encrypted-signed,false,8388608,random,5,1184.686,22798.468,27937.436,8673664
stream,plain,false,8388608,random,5,385.456,17147.274,19689.998,8659328
stream,encrypted,true,8388608,random,5,424.185,18600.623,23017.450,8659328
stream,signed,true,8388608,random,5,22598.916,5050.106,29868.861,8669568
whole,encrypted-signed,true,8388608,random,5,1270.377,30282.225,36382.595,8669568
range,encrypted,true,8388608,random,5,304.564,15795.887,19503.235,8659328
range,plain,true,8388608,random,5,378.445,11464.150,13473.266,8659328
stream,signed,false,8388608,random,5,19601.956,5258.139,27150.955,8673664
range,encrypted-signed,false,8388608,random,5,1194.936,14560.291,19443.875,8673664
range,signed,true,8388608,random,5,22440.493,1059.494,25702.896,8669568
range,signed,false,8388608,random,5,16880.550,1064.084,20172.373,8673664
whole,plain,false,8388608,random,5,369.704,24440.770,29143.500,8659328
stream,encrypted,false,8388608,random,5,399.026,24349.008,29940.312,8659328
whole,encrypted,false,8388608,random,5,239.384,35216.030,40312.317,8659328
whole,encrypted,true,8388608,random,5,393.395,34454.941,39755.350,8659328
range,plain,false,8388608,random,5,308.864,11034.984,13001.060,8659328
whole,signed,false,8388608,random,5,18258.078,15840.447,38199.849,8673664
whole,encrypted-signed,false,8388608,random,5,1239.237,32084.409,38058.128,8673664
whole,signed,true,8388608,random,5,22188.670,14824.734,41033.716,8669568
stream,encrypted-signed,false,8388608,random,6,1014.623,20914.804,25796.527,8673664
whole,plain,false,8388608,random,6,331.375,25974.769,30332.237,8659328
range,encrypted,true,8388608,random,6,383.545,15559.724,19226.472,8659328
range,encrypted-signed,false,8388608,random,6,1023.374,14771.663,19107.320,8673664
stream,encrypted-signed,true,8388608,random,6,1224.986,22228.071,27296.957,8669568
stream,signed,false,8388608,random,6,20882.223,4799.223,27810.283,8673664
stream,encrypted,true,8388608,random,6,258.924,16624.167,20736.961,8659328
range,plain,false,8388608,random,6,212.543,9956.720,11786.224,8659328
whole,encrypted,true,8388608,random,6,249.763,26418.775,31251.028,8659328
whole,encrypted-signed,false,8388608,random,6,1022.844,30913.474,36503.627,8673664
stream,plain,false,8388608,random,6,217.693,15307.680,17657.801,8659328
range,plain,true,8388608,random,6,400.775,6408.624,8396.299,8659328
stream,encrypted,false,8388608,random,6,334.015,17602.640,21768.655,8659328
whole,signed,false,8388608,random,6,20459.027,14910.615,39065.130,8673664
stream,signed,true,8388608,random,6,18878.147,4798.133,25814.778,8669568
whole,encrypted-signed,true,8388608,random,6,1043.674,26662.909,32357.193,8669568
range,signed,false,8388608,random,6,20484.158,1054.974,23675.710,8673664
range,signed,true,8388608,random,6,16107.570,1049.844,19286.392,8669568
range,encrypted,false,8388608,random,6,233.783,10420.196,14041.073,8659328
range,encrypted-signed,true,8388608,random,6,1060.244,15348.421,19757.718,8669568
whole,signed,true,8388608,random,6,21025.265,15265.060,40436.979,8669568
whole,encrypted,false,8388608,random,6,256.753,32252.142,37218.186,8659328
stream,plain,true,8388608,random,6,272.724,15968.189,18421.981,8659328
whole,plain,true,8388608,random,6,264.153,21869.776,26290.414,8659328
whole,plain,false,8388608,random,7,229.923,26525.417,30920.305,8659328
whole,encrypted-signed,false,8388608,random,7,1064.714,32641.116,38497.013,8673664
whole,encrypted,false,8388608,random,7,256.883,31795.456,37621.182,8659328
range,encrypted-signed,true,8388608,random,7,1076.324,14949.445,19326.702,8669568
whole,signed,true,8388608,random,7,20641.270,14948.546,39592.668,8669568
stream,plain,false,8388608,random,7,211.502,15253.620,17605.770,8659328
whole,plain,true,8388608,random,7,246.493,21108.497,25360.312,8659328
range,signed,false,8388608,random,7,20568.609,1052.474,23750.801,8673664
stream,plain,true,8388608,random,7,248.413,11015.144,13412.405,8659328
range,encrypted,false,8388608,random,7,232.633,10502.238,14026.354,8659328
stream,encrypted-signed,true,8388608,random,7,1041.154,21114.936,25989.130,8669568
stream,encrypted,false,8388608,random,7,236.323,21095.726,25147.728,8659328
range,encrypted-signed,false,8388608,random,7,1011.383,15063.767,19402.364,8673664
stream,encrypted-signed,false,8388608,random,7,1006.013,21021.205,25914.088,8673664
range,plain,false,8388608,random,7,216.483,10141.763,11957.917,8659328
stream,signed,false,8388608,random,7,16387.755,4811.433,23333.105,8673664
whole,encrypted-signed,true,8388608,random,7,1042.824,26708.109,32409.964,8669568
range,encrypted,true,8388608,random,7,282.133,14912.385,18525.532,8659328
whole,signed,false,8388608,random,7,20516.568,14951.515,39589.617,8673664
range,signed,true,8388608,random,7,19230.261,1051.064,22409.933,8669568
stream,encrypted,true,8388608,random,7,252.353,16485.656,20529.168,8659328
stream,signed,true,8388608,random,7,20436.977,4765.303,27359.078,8669568
range,plain,true,8388608,random,7,253.503,5584.043,7446.647,8659328
whole,encrypted,true,8388608,random,7,299.434,27328.458,32181.661,8659328
whole,plain,true,8388608,random,8,301.974,25603.275,29962.152,8659328
stream,signed,true,8388608,random,8,20500.239,4778.552,27398.929,8669568
whole,signed,false,8388608,random,8,16186.402,15216.439,35100.219,8673664
whole,encrypted,false,8388608,random,8,247.093,29846.381,34681.654,8659328
whole,plain,false,8388608,random,8,217.952,26057.261,30377.307,8659328
stream,plain,true,8388608,random,8,256.803,15217.209,17589.280,8659328
stream,encrypted-signed,false,8388608,random,8,996.163,16584.316,21412.720,8673664
stream,encrypted,false,8388608,random,8,235.763,21343.689,25462.063,8659328
range,encrypted,false,8388608,random,8,244.913,14893.475,18448.571,8659328
range,encrypted-signed,false,8388608,random,8,1029.103,14882.495,19201.041,8673664
whole,signed,true,8388608,random,8,20421.917,14755.373,39205.832,8669568
range,plain,true,8388608,random,8,258.164,9956.850,11811.665,8659328
range,signed,false,8388608,random,8,16202.081,1052.424,19468.864,8673664
range,signed,true,8388608,random,8,16218.272,1042.564,19373.543,8669568
whole,encrypted,true,8388608,random,8,258.413,26773.521,31586.443,8659328
range,encrypted,true,8388608,random,8,246.703,14862.564,18354.230,8659328
stream,encrypted-signed,true,8388608,random,8,1050.124,21332.289,26202.173,8669568
range,encrypted-signed,true,8388608,random,8,1067.004,14972.836,19345.823,8669568
whole,encrypted-signed,true,8388608,random,8,1064.234,31304.799,36969.723,8669568
stream,plain,false,8388608,random,8,211.343,15477.692,17860.763,8659328
range,plain,false,8388608,random,8,213.653,5781.596,7596.480,8659328
stream,encrypted,true,8388608,random,8,268.484,16893.801,20977.835,8659328
stream,signed,false,8388608,random,8,20530.969,4844.203,27529.600,8673664
whole,encrypted-signed,false,8388608,random,8,1028.243,26873.482,32462.984,8673664
range,encrypted,false,8388608,random,9,239.273,14890.875,18425.331,8659328
range,plain,true,8388608,random,9,284.944,10039.551,11918.036,8659328
range,plain,false,8388608,random,9,205.993,5756.865,7540.179,8659328
stream,encrypted,false,8388608,random,9,224.883,16909.071,20990.425,8659328
whole,encrypted,true,8388608,random,9,259.514,31552.182,36408.667,8659328
whole,encrypted-signed,false,8388608,random,9,1009.124,31414.360,37003.904,8673664
range,encrypted,true,8388608,random,9,260.034,15262.889,19901.110,8659328
stream,signed,false,8388608,random,9,23745.771,5354.710,32039.649,8673664
whole,signed,true,8388608,random,9,18280.119,21235.048,45048.589,8669568
stream,encrypted,true,8388608,random,9,363.765,22073.638,26189.862,8659328
stream,encrypted-signed,true,8388608,random,9,1137.285,21568.552,26517.667,8669568
range,encrypted-signed,false,8388608,random,9,1071.344,15018.276,19293.572,8673664
range,signed,true,8388608,random,9,20604.949,1054.174,23809.501,8669568
stream,signed,true,8388608,random,9,16585.007,4916.144,23664.060,8669568
stream,encrypted-signed,false,8388608,random,9,1080.664,17389.527,22191.760,8673664
whole,plain,true,8388608,random,9,363.724,26108.362,30396.447,8659328
range,signed,false,8388608,random,9,20839.653,1051.294,24023.534,8673664
whole,signed,false,8388608,random,9,16523.326,14980.796,35061.459,8673664
stream,plain,false,8388608,random,9,272.123,14135.325,16566.276,8659328
whole,plain,false,8388608,random,9,208.103,21384.019,25555.904,8659328
stream,plain,true,8388608,random,9,242.793,15233.669,17634.081,8659328
whole,encrypted,false,8388608,random,9,297.733,26856.292,31610.253,8659328
range,encrypted-signed,true,8388608,random,9,1052.054,14660.741,18852.636,8669568
whole,encrypted-signed,true,8388608,random,9,1037.604,31231.908,36718.050,8669568
whole,plain,false,8388608,random,10,208.733,25307.601,29501.406,8659328
stream,plain,false,8388608,random,10,207.303,15227.199,17569.110,8659328
range,encrypted,false,8388608,random,10,238.624,10327.485,13720.810,8659328
whole,encrypted,false,8388608,random,10,230.833,31669.944,36744.860,8659328
stream,encrypted-signed,true,8388608,random,10,1152.355,23611.339,28624.335,8669568
range,plain,false,8388608,random,10,225.423,10371.516,12276.531,8659328
stream,encrypted-signed,false,8388608,random,10,1051.574,17733.972,22582.425,8673664
whole,encrypted-signed,true,8388608,random,10,1085.824,32361.994,38101.009,8669568
stream,encrypted,false,8388608,random,10,274.074,22297.962,26360.895,8659328
range,encrypted-signed,true,8388608,random,10,1089.084,14993.327,19327.373,8669568
range,plain,true,8388608,random,10,254.433,9950.640,11851.515,8659328
whole,signed,true,8388608,random,10,16654.828,14891.185,35415.234,8669568
stream,signed,true,8388608,random,10,20307.206,4816.373,27257.657,8669568
stream,plain,true,8388608,random,10,248.303,10861.562,13239.763,8659328
range,signed,false,8388608,random,10,16059.190,1051.513,19278.772,8673664
range,encrypted,true,8388608,random,10,299.514,10405.806,14058.784,8659328
whole,signed,false,8388608,random,10,21191.487,15170.229,40015.264,8673664
range,encrypted-signed,false,8388608,random,10,1035.854,13301.554,17499.269,8673664
whole,encrypted,true,8388608,random,10,254.413,31536.643,36276.435,8659328
range,signed,true,8388608,random,10,20440.858,1049.183,23619.029,8669568
whole,encrypted-signed,false,8388608,random,10,1009.353,27974.136,33474.328,8673664
stream,signed,false,8388608,random,10,20435.457,4769.262,27338.257,8673664
stream,encrypted,true,8388608,random,10,260.593,16411.435,20463.398,8659328
whole,plain,true,8388608,random,10,244.593,25512.103,29735.839,8659328
