corpus,size,level,repeat,strategy,fast_selected,stored_bytes,encode_us,decode_us
pattern,1048576,3,1,fast,true,891,2276.465,735.031
pattern,1048576,3,1,dual,true,891,3496.672,405.357
pattern,1048576,3,1,sampled,false,6762,880.824,881.593
pattern,1048576,3,1,stream-default,true,6776,3091.016,937.665
pattern,1048576,3,1,stream-better,true,6776,3070.616,1037.326
pattern,1048576,3,1,numeric,false,6762,488.588,882.643
pattern,1048576,3,2,dual,true,891,3156.737,401.816
pattern,1048576,3,2,sampled,false,6762,883.284,877.643
pattern,1048576,3,2,stream-default,true,6776,3179.698,941.494
pattern,1048576,3,2,stream-better,true,6776,3205.549,1020.735
pattern,1048576,3,2,numeric,false,6762,514.068,881.433
pattern,1048576,3,2,fast,true,891,2317.555,650.240
pattern,1048576,3,3,sampled,false,6762,881.213,876.943
pattern,1048576,3,3,stream-default,true,6776,3179.148,839.833
pattern,1048576,3,3,stream-better,true,6776,3438.061,976.174
pattern,1048576,3,3,numeric,false,6762,494.038,876.483
pattern,1048576,3,3,fast,true,891,2318.645,651.220
pattern,1048576,3,3,dual,true,891,3477.172,398.886
pattern,1048576,3,4,stream-default,true,6776,3314.660,996.405
pattern,1048576,3,4,stream-better,true,6776,3316.440,971.955
pattern,1048576,3,4,numeric,false,6762,488.147,881.953
pattern,1048576,3,4,fast,true,891,2304.495,646.310
pattern,1048576,3,4,dual,true,891,3505.553,403.766
pattern,1048576,3,4,sampled,false,6762,866.763,874.903
pattern,1048576,3,5,stream-better,true,6776,3043.246,859.663
pattern,1048576,3,5,numeric,false,6762,481.427,871.823
pattern,1048576,3,5,fast,true,891,2257.744,640.960
pattern,1048576,3,5,dual,true,891,3398.761,390.326
pattern,1048576,3,5,sampled,false,6762,868.213,867.903
pattern,1048576,3,5,stream-default,true,6776,3118.507,839.812
pattern,1048576,3,6,numeric,false,6762,490.147,874.894
pattern,1048576,3,6,fast,true,891,2381.046,653.440
pattern,1048576,3,6,dual,true,891,3474.142,393.776
pattern,1048576,3,6,sampled,false,6762,898.763,879.864
pattern,1048576,3,6,stream-default,true,6776,3059.745,927.763
pattern,1048576,3,6,stream-better,true,6776,3051.606,1069.116
pattern,1048576,3,7,fast,true,891,2305.914,770.971
pattern,1048576,3,7,dual,true,891,3454.612,397.636
pattern,1048576,3,7,sampled,false,6762,875.973,883.333
pattern,1048576,3,7,stream-default,true,6776,3082.237,939.344
pattern,1048576,3,7,stream-better,true,6776,3024.246,1028.945
pattern,1048576,3,7,numeric,false,6762,484.167,872.663
zero,1048576,3,1,fast,true,42,708.491,731.441
zero,1048576,3,1,dual,true,42,1798.767,369.115
zero,1048576,3,1,sampled,true,42,771.362,723.541
zero,1048576,3,1,stream-default,true,42,684.651,747.731
zero,1048576,3,1,stream-better,true,42,673.210,749.121
zero,1048576,3,1,numeric,false,50,648.280,1532.803
zero,1048576,3,2,dual,true,42,1424.441,363.416
zero,1048576,3,2,sampled,true,42,787.831,718.560
zero,1048576,3,2,stream-default,true,42,685.611,734.791
zero,1048576,3,2,stream-better,true,42,683.180,744.001
zero,1048576,3,2,numeric,false,50,658.750,1510.702
zero,1048576,3,2,fast,true,42,447.976,618.630
zero,1048576,3,3,sampled,true,42,760.821,715.651
zero,1048576,3,3,stream-default,true,42,673.090,746.941
zero,1048576,3,3,stream-better,true,42,716.551,735.161
zero,1048576,3,3,numeric,false,50,676.780,1522.253
zero,1048576,3,3,fast,true,42,457.947,622.859
zero,1048576,3,3,dual,true,42,1794.437,362.276
zero,1048576,3,4,stream-default,true,42,694.310,750.091
zero,1048576,3,4,stream-better,true,42,683.250,743.751
zero,1048576,3,4,numeric,false,50,642.479,1532.973
zero,1048576,3,4,fast,true,42,457.526,626.230
zero,1048576,3,4,dual,true,42,1815.097,360.626
zero,1048576,3,4,sampled,true,42,781.922,726.751
zero,1048576,3,5,stream-better,true,42,735.451,784.861
zero,1048576,3,5,numeric,false,50,667.569,1532.403
zero,1048576,3,5,fast,true,42,452.257,613.249
zero,1048576,3,5,dual,true,42,1771.227,370.235
zero,1048576,3,5,sampled,true,42,778.611,724.981
zero,1048576,3,5,stream-default,true,42,673.560,743.012
zero,1048576,3,6,numeric,false,50,644.029,1519.073
zero,1048576,3,6,fast,true,42,464.867,620.859
zero,1048576,3,6,dual,true,42,1807.628,365.285
zero,1048576,3,6,sampled,true,42,846.033,736.151
zero,1048576,3,6,stream-default,true,42,707.661,750.301
zero,1048576,3,6,stream-better,true,42,691.960,754.322
zero,1048576,3,7,fast,true,42,700.180,726.741
zero,1048576,3,7,dual,true,42,1786.717,360.225
zero,1048576,3,7,sampled,true,42,765.602,723.111
zero,1048576,3,7,stream-default,true,42,680.270,737.951
zero,1048576,3,7,stream-better,true,42,688.630,754.322
zero,1048576,3,7,numeric,false,50,651.149,1521.043
text,1048576,3,1,fast,true,164,5455.782,831.193
text,1048576,3,1,dual,true,164,6269.365,459.377
text,1048576,3,1,sampled,false,168,665.030,774.431
text,1048576,3,1,stream-default,true,164,5252.769,681.890
text,1048576,3,1,stream-better,true,164,5356.681,821.552
text,1048576,3,1,numeric,false,168,318.285,778.971
text,1048576,3,2,dual,true,164,5786.667,465.427
text,1048576,3,2,sampled,false,168,685.610,772.242
text,1048576,3,2,stream-default,true,164,5156.117,688.801
text,1048576,3,2,stream-better,true,164,5405.091,823.622
text,1048576,3,2,numeric,false,168,315.495,775.852
text,1048576,3,2,fast,true,164,5113.817,687.950
text,1048576,3,3,sampled,false,168,681.010,776.012
text,1048576,3,3,stream-default,true,164,5156.588,692.060
text,1048576,3,3,stream-better,true,164,5326.230,823.373
text,1048576,3,3,numeric,false,168,324.525,767.202
text,1048576,3,3,fast,true,164,5315.450,685.660
text,1048576,3,3,dual,true,164,6183.683,454.937
text,1048576,3,4,stream-default,true,164,5328.330,825.092
text,1048576,3,4,stream-better,true,164,5352.911,821.722
text,1048576,3,4,numeric,false,168,311.335,776.111
text,1048576,3,4,fast,true,164,5114.307,691.361
text,1048576,3,4,dual,true,164,6124.872,459.307
text,1048576,3,4,sampled,false,168,663.960,774.671
text,1048576,3,5,stream-better,true,164,5154.238,683.160
text,1048576,3,5,numeric,false,168,314.034,765.922
text,1048576,3,5,fast,true,164,5157.557,684.871
text,1048576,3,5,dual,true,164,6132.913,458.087
text,1048576,3,5,sampled,false,168,675.000,769.222
text,1048576,3,5,stream-default,true,164,5127.537,683.490
text,1048576,3,6,numeric,false,168,317.625,776.451
text,1048576,3,6,fast,true,164,5148.478,686.110
text,1048576,3,6,dual,true,164,6105.552,463.747
text,1048576,3,6,sampled,false,168,658.840,778.982
text,1048576,3,6,stream-default,true,164,5178.338,692.310
text,1048576,3,6,stream-better,true,164,5377.521,819.992
text,1048576,3,7,fast,true,164,5380.291,815.612
text,1048576,3,7,dual,true,164,6189.643,461.777
text,1048576,3,7,sampled,false,168,676.070,777.002
text,1048576,3,7,stream-default,true,164,5173.587,689.051
text,1048576,3,7,stream-better,true,164,5441.981,834.752
text,1048576,3,7,numeric,false,168,312.475,792.062
random,1048576,3,1,fast,true,1048610,1019.565,676.031
random,1048576,3,1,dual,false,1048609,2252.504,790.441
random,1048576,3,1,sampled,false,1048609,518.458,613.089
random,1048576,3,1,stream-default,true,1048610,628.369,666.110
random,1048576,3,1,stream-better,true,1048610,1005.095,663.290
random,1048576,3,1,numeric,false,1048609,731.901,616.049
random,1048576,3,2,dual,false,1048609,1899.348,794.072
random,1048576,3,2,sampled,false,1048609,525.208,604.929
random,1048576,3,2,stream-default,true,1048610,646.849,689.651
random,1048576,3,2,stream-better,true,1048610,995.345,676.170
random,1048576,3,2,numeric,false,1048609,741.671,604.819
random,1048576,3,2,fast,true,1048610,653.569,673.711
random,1048576,3,3,sampled,false,1048609,879.523,610.270
random,1048576,3,3,stream-default,true,1048610,636.330,662.200
random,1048576,3,3,stream-better,true,1048610,989.865,662.449
random,1048576,3,3,numeric,false,1048609,734.461,611.999
random,1048576,3,3,fast,true,1048610,662.100,660.250
random,1048576,3,3,dual,false,1048609,2229.443,794.312
random,1048576,3,4,stream-default,true,1048610,645.430,687.440
random,1048576,3,4,stream-better,true,1048610,996.125,675.850
random,1048576,3,4,numeric,false,1048609,734.431,619.749
random,1048576,3,4,fast,true,1048610,665.010,670.500
random,1048576,3,4,dual,false,1048609,2231.374,782.351
random,1048576,3,4,sampled,false,1048609,517.438,622.039
random,1048576,3,5,stream-better,true,1048610,631.479,673.150
random,1048576,3,5,numeric,false,1048609,728.891,613.509
random,1048576,3,5,fast,true,1048610,662.260,666.790
random,1048576,3,5,dual,false,1048609,2235.714,789.231
random,1048576,3,5,sampled,false,1048609,521.578,604.899
random,1048576,3,5,stream-default,true,1048610,633.969,667.900
random,1048576,3,6,numeric,false,1048609,735.971,602.169
random,1048576,3,6,fast,true,1048610,661.990,673.480
random,1048576,3,6,dual,false,1048609,2229.024,789.472
random,1048576,3,6,sampled,false,1048609,527.187,616.800
random,1048576,3,6,stream-default,true,1048610,622.509,675.670
random,1048576,3,6,stream-better,true,1048610,990.825,670.540
random,1048576,3,7,fast,true,1048610,1014.005,672.750
random,1048576,3,7,dual,false,1048609,2237.023,790.502
random,1048576,3,7,sampled,false,1048609,525.748,612.279
random,1048576,3,7,stream-default,true,1048610,633.479,673.780
random,1048576,3,7,stream-better,true,1048610,1011.505,675.491
random,1048576,3,7,numeric,false,1048609,737.622,618.489
mixed,1048576,3,1,fast,true,526561,29331.891,753.492
mixed,1048576,3,1,dual,true,526561,31673.646,577.379
mixed,1048576,3,1,sampled,false,531641,1935.489,833.543
mixed,1048576,3,1,stream-default,true,528574,22230.314,838.822
mixed,1048576,3,1,stream-better,true,528574,22523.488,832.493
mixed,1048576,3,1,numeric,false,531641,1798.487,840.913
mixed,1048576,3,2,dual,true,526561,31003.556,568.819
mixed,1048576,3,2,sampled,false,531641,1931.169,831.243
mixed,1048576,3,2,stream-default,true,528574,22022.492,847.702
mixed,1048576,3,2,stream-better,true,528574,22552.519,826.453
mixed,1048576,3,2,numeric,false,531641,1776.547,833.442
mixed,1048576,3,2,fast,true,526561,28572.010,756.281
mixed,1048576,3,3,sampled,false,531641,1959.889,840.793
mixed,1048576,3,3,stream-default,true,528574,22525.319,938.964
mixed,1048576,3,3,stream-better,true,528574,23101.807,945.405
mixed,1048576,3,3,numeric,false,531641,1823.298,845.292
mixed,1048576,3,3,fast,true,526561,28977.656,755.632
mixed,1048576,3,3,dual,true,526561,31514.204,594.219
mixed,1048576,3,4,stream-default,true,528574,22682.531,836.263
mixed,1048576,3,4,stream-better,true,528574,22776.562,838.003
mixed,1048576,3,4,numeric,false,531641,1792.787,846.313
mixed,1048576,3,4,fast,true,526561,29139.738,783.072
mixed,1048576,3,4,dual,true,526561,31554.504,582.949
mixed,1048576,3,4,sampled,false,531641,1947.300,845.442
mixed,1048576,3,5,stream-better,true,528574,22364.567,874.473
mixed,1048576,3,5,numeric,false,531641,1771.747,845.612
mixed,1048576,3,5,fast,true,526561,28913.795,833.603
mixed,1048576,3,5,dual,true,526561,31712.017,602.829
mixed,1048576,3,5,sampled,false,531641,1961.509,853.763
mixed,1048576,3,5,stream-default,true,528574,22246.685,901.153
mixed,1048576,3,6,numeric,false,531641,1789.127,881.633
mixed,1048576,3,6,fast,true,526561,29016.496,756.442
mixed,1048576,3,6,dual,true,526561,31923.560,586.819
mixed,1048576,3,6,sampled,false,531641,1952.829,851.333
mixed,1048576,3,6,stream-default,true,528574,22184.814,823.693
mixed,1048576,3,6,stream-better,true,528574,22617.200,835.573
mixed,1048576,3,7,fast,true,526561,29398.342,754.241
mixed,1048576,3,7,dual,true,526561,31709.107,576.619
mixed,1048576,3,7,sampled,false,531641,1937.189,843.983
mixed,1048576,3,7,stream-default,true,528574,22348.306,842.303
mixed,1048576,3,7,stream-better,true,528574,22997.385,849.903
mixed,1048576,3,7,numeric,false,531641,1776.567,858.563
pattern-prefix,1048576,3,1,fast,true,787263,1351.981,858.673
pattern-prefix,1048576,3,1,dual,true,787263,3614.545,524.208
pattern-prefix,1048576,3,1,sampled,false,788562,1897.699,681.900
pattern-prefix,1048576,3,1,stream-default,true,788350,1133.098,902.523
pattern-prefix,1048576,3,1,stream-better,true,788350,1517.493,927.294
pattern-prefix,1048576,3,1,numeric,false,788562,1664.705,671.750
pattern-prefix,1048576,3,2,dual,true,787263,2955.825,501.897
pattern-prefix,1048576,3,2,sampled,false,788562,1893.448,666.490
pattern-prefix,1048576,3,2,stream-default,true,788350,1124.227,899.263
pattern-prefix,1048576,3,2,stream-better,true,788350,1476.022,902.404
pattern-prefix,1048576,3,2,numeric,false,788562,1651.415,673.160
pattern-prefix,1048576,3,2,fast,true,787263,994.495,902.773
pattern-prefix,1048576,3,3,sampled,false,788562,1885.899,676.670
pattern-prefix,1048576,3,3,stream-default,true,788350,1126.337,893.024
pattern-prefix,1048576,3,3,stream-better,true,788350,1482.262,919.824
pattern-prefix,1048576,3,3,numeric,false,788562,1655.435,677.160
pattern-prefix,1048576,3,3,fast,true,787263,990.955,858.013
pattern-prefix,1048576,3,3,dual,true,787263,3349.410,502.018
pattern-prefix,1048576,3,4,stream-default,true,788350,1479.693,909.653
pattern-prefix,1048576,3,4,stream-better,true,788350,1502.463,906.383
pattern-prefix,1048576,3,4,numeric,false,788562,1670.705,662.350
pattern-prefix,1048576,3,4,fast,true,787263,1016.366,875.043
pattern-prefix,1048576,3,4,dual,true,787263,3366.390,524.888
pattern-prefix,1048576,3,4,sampled,false,788562,1913.029,676.310
pattern-prefix,1048576,3,5,stream-better,true,788350,1122.447,907.844
pattern-prefix,1048576,3,5,numeric,false,788562,1659.995,666.790
pattern-prefix,1048576,3,5,fast,true,787263,990.725,857.633
pattern-prefix,1048576,3,5,dual,true,787263,3341.310,501.928
pattern-prefix,1048576,3,5,sampled,false,788562,1891.329,675.440
pattern-prefix,1048576,3,5,stream-default,true,788350,1128.177,909.684
pattern-prefix,1048576,3,6,numeric,false,788562,1645.455,675.010
pattern-prefix,1048576,3,6,fast,true,787263,990.375,854.963
pattern-prefix,1048576,3,6,dual,true,787263,3356.650,503.278
pattern-prefix,1048576,3,6,sampled,false,788562,1909.789,679.590
pattern-prefix,1048576,3,6,stream-default,true,788350,1128.347,893.983
pattern-prefix,1048576,3,6,stream-better,true,788350,1482.962,944.605
pattern-prefix,1048576,3,7,fast,true,787263,1381.200,887.014
pattern-prefix,1048576,3,7,dual,true,787263,3351.610,502.698
pattern-prefix,1048576,3,7,sampled,false,788562,1887.278,683.480
pattern-prefix,1048576,3,7,stream-default,true,788350,1126.537,922.443
pattern-prefix,1048576,3,7,stream-better,true,788350,1486.573,901.773
pattern-prefix,1048576,3,7,numeric,false,788562,1656.505,674.140
random-prefix,1048576,3,1,fast,true,263017,1815.737,796.862
random-prefix,1048576,3,1,dual,true,263017,2708.021,443.707
random-prefix,1048576,3,1,sampled,false,267295,857.463,777.831
random-prefix,1048576,3,1,stream-default,true,264939,2019.421,841.763
random-prefix,1048576,3,1,stream-better,true,264939,1996.340,839.803
random-prefix,1048576,3,1,numeric,false,267295,324.965,949.564
random-prefix,1048576,3,2,dual,true,263017,2533.588,422.027
random-prefix,1048576,3,2,sampled,false,267295,673.290,964.064
random-prefix,1048576,3,2,stream-default,true,264939,1962.180,737.391
random-prefix,1048576,3,2,stream-better,true,264939,1972.730,844.833
random-prefix,1048576,3,2,numeric,false,267295,318.854,962.365
random-prefix,1048576,3,2,fast,true,263017,1770.406,640.020
random-prefix,1048576,3,3,sampled,false,267295,631.190,961.204
random-prefix,1048576,3,3,stream-default,true,264939,1959.460,723.671
random-prefix,1048576,3,3,stream-better,true,264939,1981.120,855.183
random-prefix,1048576,3,3,numeric,false,267295,331.595,976.605
random-prefix,1048576,3,3,fast,true,263017,1739.216,632.630
random-prefix,1048576,3,3,dual,true,263017,2740.322,466.637
random-prefix,1048576,3,4,stream-default,true,264939,2107.142,848.502
random-prefix,1048576,3,4,stream-better,true,264939,2002.700,856.243
random-prefix,1048576,3,4,numeric,false,267295,321.965,957.845
random-prefix,1048576,3,4,fast,true,263017,1754.567,642.380
random-prefix,1048576,3,4,dual,true,263017,2709.830,416.727
random-prefix,1048576,3,4,sampled,false,267295,675.160,950.705
random-prefix,1048576,3,5,stream-better,true,264939,1943.189,707.851
random-prefix,1048576,3,5,numeric,false,267295,324.275,950.654
random-prefix,1048576,3,5,fast,true,263017,1741.986,640.160
random-prefix,1048576,3,5,dual,true,263017,2693.001,415.766
random-prefix,1048576,3,5,sampled,false,267295,691.170,947.704
random-prefix,1048576,3,5,stream-default,true,264939,1950.910,714.971
random-prefix,1048576,3,6,numeric,false,267295,319.745,949.324
random-prefix,1048576,3,6,fast,true,263017,1745.776,630.949
random-prefix,1048576,3,6,dual,true,263017,2704.380,416.417
random-prefix,1048576,3,6,sampled,false,267295,676.520,947.124
random-prefix,1048576,3,6,stream-default,true,264939,1969.890,760.522
random-prefix,1048576,3,6,stream-better,true,264939,1961.489,867.954
random-prefix,1048576,3,7,fast,true,263017,1798.877,770.602
random-prefix,1048576,3,7,dual,true,263017,2713.871,419.086
random-prefix,1048576,3,7,sampled,false,267295,690.031,951.714
random-prefix,1048576,3,7,stream-default,true,264939,1961.570,718.540
random-prefix,1048576,3,7,stream-better,true,264939,1933.309,896.993
random-prefix,1048576,3,7,numeric,false,267295,323.084,947.135
