pair,position,reader,phase,mode,compressed,size,corpus,sample,open_us,read_us,total_us,archive_bytes
0,0,main,range,signed,false,8388608,random,1,18902.805,1095.238,23239.405,8673664
0,0,main,range,signed,false,8388608,random,2,20196.885,1045.137,24515.545,8673664
0,0,main,range,signed,false,8388608,random,3,20234.886,1040.107,24515.345,8673664
0,0,main,range,signed,false,8388608,random,4,20350.368,1052.707,24753.239,8673664
0,0,main,range,signed,false,8388608,random,5,20767.975,1048.587,25232.317,8673664
0,1,branch,range,signed,false,8388608,random,1,18956.816,1044.037,21610.479,8673664
0,1,branch,range,signed,false,8388608,random,2,20286.487,1049.397,23132.323,8673664
0,1,branch,range,signed,false,8388608,random,3,20205.016,1040.147,22645.465,8673664
0,1,branch,range,signed,false,8388608,random,4,20247.116,1038.367,22935.350,8673664
0,1,branch,range,signed,false,8388608,random,5,20394.329,1051.567,23069.002,8673664
0,2,branch,range,signed,false,8388608,random,1,19504.065,1037.616,22212.648,8673664
0,2,branch,range,signed,false,8388608,random,2,20200.916,1045.657,22842.539,8673664
0,2,branch,range,signed,false,8388608,random,3,20296.278,1044.897,22921.500,8673664
0,2,branch,range,signed,false,8388608,random,4,20291.457,1041.937,22796.788,8673664
0,2,branch,range,signed,false,8388608,random,5,20225.246,1045.777,22879.889,8673664
0,3,main,range,signed,false,8388608,random,1,18828.554,1041.317,23162.574,8673664
0,3,main,range,signed,false,8388608,random,2,20140.235,1038.197,24508.615,8673664
0,3,main,range,signed,false,8388608,random,3,20262.697,1043.537,24576.027,8673664
0,3,main,range,signed,false,8388608,random,4,20227.597,1040.607,24523.636,8673664
0,3,main,range,signed,false,8388608,random,5,20320.268,1045.367,24606.237,8673664
1,0,branch,range,signed,false,8388608,random,1,18887.645,1045.587,21535.798,8673664
1,0,branch,range,signed,false,8388608,random,2,20649.783,1039.907,23462.349,8673664
1,0,branch,range,signed,false,8388608,random,3,20746.744,1049.667,23489.768,8673664
1,0,branch,range,signed,false,8388608,random,4,20679.514,1046.197,23461.629,8673664
1,0,branch,range,signed,false,8388608,random,5,20747.614,1037.417,23410.207,8673664
1,1,main,range,signed,false,8388608,random,1,20024.033,1065.617,25284.778,8673664
1,1,main,range,signed,false,8388608,random,2,21393.905,1043.547,25692.994,8673664
1,1,main,range,signed,false,8388608,random,3,20254.257,1043.497,24601.707,8673664
1,1,main,range,signed,false,8388608,random,4,20208.376,1043.626,24504.275,8673664
1,1,main,range,signed,false,8388608,random,5,20334.758,1047.517,24658.737,8673664
1,2,main,range,signed,false,8388608,random,1,19109.948,1046.667,23404.087,8673664
1,2,main,range,signed,false,8388608,random,2,20260.977,1040.227,24554.616,8673664
1,2,main,range,signed,false,8388608,random,3,20446.590,1046.827,24751.389,8673664
1,2,main,range,signed,false,8388608,random,4,20233.826,1050.687,24752.249,8673664
1,2,main,range,signed,false,8388608,random,5,20986.749,1044.646,25350.819,8673664
1,3,branch,range,signed,false,8388608,random,1,18951.756,1115.928,21666.300,8673664
1,3,branch,range,signed,false,8388608,random,2,20231.056,1035.877,22877.169,8673664
1,3,branch,range,signed,false,8388608,random,3,20632.073,1047.167,23301.756,8673664
1,3,branch,range,signed,false,8388608,random,4,20230.446,1044.747,22972.651,8673664
1,3,branch,range,signed,false,8388608,random,5,20465.200,1043.087,23139.904,8673664
2,0,main,range,signed,false,8388608,random,1,18999.606,1073.138,23352.197,8673664
2,0,main,range,signed,false,8388608,random,2,20326.398,1050.307,24639.308,8673664
2,0,main,range,signed,false,8388608,random,3,20249.586,1042.967,24551.276,8673664
2,0,main,range,signed,false,8388608,random,4,20230.627,1044.097,24515.406,8673664
2,0,main,range,signed,false,8388608,random,5,20229.626,1045.377,24523.905,8673664
2,1,branch,range,signed,false,8388608,random,1,18909.525,1041.887,21538.697,8673664
2,1,branch,range,signed,false,8388608,random,2,20244.956,1042.737,22727.237,8673664
2,1,branch,range,signed,false,8388608,random,3,20266.347,1038.047,22925.090,8673664
2,1,branch,range,signed,false,8388608,random,4,20173.995,1034.587,22824.478,8673664
2,1,branch,range,signed,false,8388608,random,5,20178.455,1036.317,22765.177,8673664
2,2,branch,range,signed,false,8388608,random,1,18864.935,1044.267,21507.177,8673664
2,2,branch,range,signed,false,8388608,random,2,20335.848,1036.917,22935.560,8673664
2,2,branch,range,signed,false,8388608,random,3,20268.867,1046.847,22928.750,8673664
2,2,branch,range,signed,false,8388608,random,4,20378.449,1087.257,23078.553,8673664
2,2,branch,range,signed,false,8388608,random,5,20239.057,1037.666,22877.699,8673664
2,3,main,range,signed,false,8388608,random,1,19139.199,1044.747,23516.490,8673664
2,3,main,range,signed,false,8388608,random,2,20270.597,1041.397,24577.737,8673664
2,3,main,range,signed,false,8388608,random,3,20082.424,1046.106,24364.433,8673664
2,3,main,range,signed,false,8388608,random,4,19841.340,1036.877,24099.139,8673664
2,3,main,range,signed,false,8388608,random,5,20374.928,1049.927,24687.598,8673664
3,0,branch,range,signed,false,8388608,random,1,18595.899,1038.817,21160.591,8673664
3,0,branch,range,signed,false,8388608,random,2,20099.814,1041.357,22706.846,8673664
3,0,branch,range,signed,false,8388608,random,3,20225.356,1048.837,22862.868,8673664
3,0,branch,range,signed,false,8388608,random,4,20211.606,1040.567,22842.458,8673664
3,0,branch,range,signed,false,8388608,random,5,20183.556,1052.317,22782.138,8673664
3,1,main,range,signed,false,8388608,random,1,18922.865,1037.797,23214.525,8673664
3,1,main,range,signed,false,8388608,random,2,19974.542,1056.928,24288.152,8673664
3,1,main,range,signed,false,8388608,random,3,20250.996,1049.447,24553.406,8673664
3,1,main,range,signed,false,8388608,random,4,20219.077,1044.966,24505.906,8673664
3,1,main,range,signed,false,8388608,random,5,20017.783,1046.727,24247.372,8673664
3,2,main,range,signed,false,8388608,random,1,18859.214,1047.847,23168.103,8673664
3,2,main,range,signed,false,8388608,random,2,20259.017,1042.587,24533.646,8673664
3,2,main,range,signed,false,8388608,random,3,20185.306,1053.017,24464.215,8673664
3,2,main,range,signed,false,8388608,random,4,20078.084,1054.627,24388.883,8673664
3,2,main,range,signed,false,8388608,random,5,20201.206,1030.576,24463.394,8673664
3,3,branch,range,signed,false,8388608,random,1,18752.943,1035.776,21328.174,8673664
3,3,branch,range,signed,false,8388608,random,2,20003.273,1035.806,22566.624,8673664
3,3,branch,range,signed,false,8388608,random,3,20034.534,1035.736,22565.944,8673664
3,3,branch,range,signed,false,8388608,random,4,19999.803,1036.486,22564.764,8673664
3,3,branch,range,signed,false,8388608,random,5,20036.613,1039.237,22588.854,8673664
4,0,main,range,signed,false,8388608,random,1,19078.918,1091.037,23438.888,8673664
4,0,main,range,signed,false,8388608,random,2,20421.729,1042.737,24754.309,8673664
4,0,main,range,signed,false,8388608,random,3,20575.321,1046.457,24966.232,8673664
4,0,main,range,signed,false,8388608,random,4,20743.525,1044.476,25214.407,8673664
4,0,main,range,signed,false,8388608,random,5,21214.313,1051.437,25626.804,8673664
4,1,branch,range,signed,false,8388608,random,1,18624.681,1040.726,21187.052,8673664
4,1,branch,range,signed,false,8388608,random,2,20101.144,1044.177,22675.665,8673664
4,1,branch,range,signed,false,8388608,random,3,19921.721,1042.217,22446.672,8673664
4,1,branch,range,signed,false,8388608,random,4,19998.342,1040.657,22618.194,8673664
4,1,branch,range,signed,false,8388608,random,5,20472.710,1034.867,23035.622,8673664
4,2,branch,range,signed,false,8388608,random,1,18331.866,1043.897,21041.529,8673664
4,2,branch,range,signed,false,8388608,random,2,20038.583,1048.957,22583.474,8673664
4,2,branch,range,signed,false,8388608,random,3,20172.616,1043.656,22819.188,8673664
4,2,branch,range,signed,false,8388608,random,4,20452.140,1044.487,23338.986,8673664
4,2,branch,range,signed,false,8388608,random,5,20709.264,1039.987,23431.278,8673664
4,3,main,range,signed,false,8388608,random,1,19349.012,1083.827,23920.286,8673664
4,3,main,range,signed,false,8388608,random,2,20344.628,1048.977,24632.387,8673664
4,3,main,range,signed,false,8388608,random,3,20227.346,1049.317,24723.258,8673664
4,3,main,range,signed,false,8388608,random,4,20841.426,1055.377,25152.936,8673664
4,3,main,range,signed,false,8388608,random,5,19974.192,1035.067,24199.671,8673664
5,0,branch,range,signed,false,8388608,random,1,18255.335,1036.976,20681.334,8673664
5,0,branch,range,signed,false,8388608,random,2,19668.507,1029.317,22002.445,8673664
5,0,branch,range,signed,false,8388608,random,3,19428.173,1031.797,21763.481,8673664
5,0,branch,range,signed,false,8388608,random,4,19645.637,1041.017,22364.571,8673664
5,0,branch,range,signed,false,8388608,random,5,20087.154,1024.736,22592.934,8673664
5,1,main,range,signed,false,8388608,random,1,18436.497,1032.916,22656.225,8673664
5,1,main,range,signed,false,8388608,random,2,19859.450,1034.947,24146.609,8673664
5,1,main,range,signed,false,8388608,random,3,20105.544,1050.297,24406.263,8673664
5,1,main,range,signed,false,8388608,random,4,20142.875,1036.527,24414.444,8673664
5,1,main,range,signed,false,8388608,random,5,20000.752,1032.567,24256.871,8673664
5,2,main,range,signed,false,8388608,random,1,18578.089,1032.067,22836.938,8673664
5,2,main,range,signed,false,8388608,random,2,20164.145,1044.017,24562.246,8673664
5,2,main,range,signed,false,8388608,random,3,20107.535,1041.996,24389.704,8673664
5,2,main,range,signed,false,8388608,random,4,20070.024,1036.257,24347.323,8673664
5,2,main,range,signed,false,8388608,random,5,20023.542,1037.277,24291.001,8673664
5,3,branch,range,signed,false,8388608,random,1,18539.729,1035.746,21056.649,8673664
5,3,branch,range,signed,false,8388608,random,2,19955.272,1043.667,22628.445,8673664
5,3,branch,range,signed,false,8388608,random,3,20156.625,1043.746,22743.936,8673664
5,3,branch,range,signed,false,8388608,random,4,20174.975,1047.827,22736.857,8673664
5,3,branch,range,signed,false,8388608,random,5,19990.163,1045.907,22709.057,8673664
6,0,main,range,signed,false,8388608,random,1,18493.968,1040.476,22821.507,8673664
6,0,main,range,signed,false,8388608,random,2,20134.855,1037.476,24494.325,8673664
6,0,main,range,signed,false,8388608,random,3,20176.175,1047.427,24455.894,8673664
6,0,main,range,signed,false,8388608,random,4,20170.285,1039.577,24457.654,8673664
6,0,main,range,signed,false,8388608,random,5,20183.995,1038.687,24453.444,8673664
6,1,branch,range,signed,false,8388608,random,1,18761.092,1037.767,21292.173,8673664
6,1,branch,range,signed,false,8388608,random,2,20181.336,1045.357,22768.528,8673664
6,1,branch,range,signed,false,8388608,random,3,20217.266,1037.707,22792.758,8673664
6,1,branch,range,signed,false,8388608,random,4,20258.806,1035.527,22861.408,8673664
6,1,branch,range,signed,false,8388608,random,5,20294.367,1040.117,22901.149,8673664
6,2,branch,range,signed,false,8388608,random,1,18838.314,1049.037,21480.787,8673664
6,2,branch,range,signed,false,8388608,random,2,20384.759,1088.058,23109.593,8673664
6,2,branch,range,signed,false,8388608,random,3,20335.668,1042.167,22848.998,8673664
6,2,branch,range,signed,false,8388608,random,4,20037.363,1036.097,22633.535,8673664
6,2,branch,range,signed,false,8388608,random,5,20290.647,1044.307,22922.919,8673664
6,3,main,range,signed,false,8388608,random,1,19000.217,1047.167,23328.076,8673664
6,3,main,range,signed,false,8388608,random,2,20253.187,1040.026,24550.346,8673664
6,3,main,range,signed,false,8388608,random,3,20190.226,1040.357,24451.475,8673664
6,3,main,range,signed,false,8388608,random,4,21642.618,1071.148,26948.854,8673664
6,3,main,range,signed,false,8388608,random,5,22363.061,1044.966,27424.942,8673664
7,0,branch,range,signed,false,8388608,random,1,20540.061,1067.727,23200.724,8673664
7,0,branch,range,signed,false,8388608,random,2,20116.494,1041.557,22682.245,8673664
7,0,branch,range,signed,false,8388608,random,3,22283.609,1073.148,25215.926,8673664
7,0,branch,range,signed,false,8388608,random,4,22652.255,1076.768,25636.713,8673664
7,0,branch,range,signed,false,8388608,random,5,22704.866,1055.257,25733.095,8673664
7,1,main,range,signed,false,8388608,random,1,19555.975,1075.978,24153.209,8673664
7,1,main,range,signed,false,8388608,random,2,20149.015,1063.527,25394.420,8673664
7,1,main,range,signed,false,8388608,random,3,22766.207,1067.278,28063.343,8673664
7,1,main,range,signed,false,8388608,random,4,23008.591,1069.517,28485.009,8673664
7,1,main,range,signed,false,8388608,random,5,22521.233,1073.477,27806.208,8673664
7,2,main,range,signed,false,8388608,random,1,21028.999,1040.407,26067.491,8673664
7,2,main,range,signed,false,8388608,random,2,22385.671,1076.278,27374.302,8673664
7,2,main,range,signed,false,8388608,random,3,22089.026,1056.047,26931.794,8673664
7,2,main,range,signed,false,8388608,random,4,21025.238,1028.767,25583.352,8673664
7,2,main,range,signed,false,8388608,random,5,19798.949,1032.186,23984.976,8673664
7,3,branch,range,signed,false,8388608,random,1,20699.554,1058.377,23333.347,8673664
7,3,branch,range,signed,false,8388608,random,2,20670.783,1068.887,23719.753,8673664
7,3,branch,range,signed,false,8388608,random,3,22692.905,1061.618,25724.284,8673664
7,3,branch,range,signed,false,8388608,random,4,22358.791,1078.507,25416.700,8673664
7,3,branch,range,signed,false,8388608,random,5,22410.921,1121.588,25535.541,8673664
8,0,main,range,signed,false,8388608,random,1,20927.127,1057.067,25224.547,8673664
8,0,main,range,signed,false,8388608,random,2,21477.277,1063.847,26641.700,8673664
8,0,main,range,signed,false,8388608,random,3,21805.311,1053.027,26307.654,8673664
8,0,main,range,signed,false,8388608,random,4,19630.336,1097.118,23874.164,8673664
8,0,main,range,signed,false,8388608,random,5,20032.883,1044.677,24333.173,8673664
8,1,branch,range,signed,false,8388608,random,1,18099.102,1033.877,20396.529,8673664
8,1,branch,range,signed,false,8388608,random,2,19419.634,1033.236,21713.711,8673664
8,1,branch,range,signed,false,8388608,random,3,19581.786,1037.176,21914.173,8673664
8,1,branch,range,signed,false,8388608,random,4,19548.835,1039.297,21851.992,8673664
8,1,branch,range,signed,false,8388608,random,5,19556.645,1042.997,21869.182,8673664
8,2,branch,range,signed,false,8388608,random,1,18147.642,1033.747,20468.710,8673664
8,2,branch,range,signed,false,8388608,random,2,19449.674,1033.467,21804.752,8673664
8,2,branch,range,signed,false,8388608,random,3,19700.487,1074.037,22115.346,8673664
8,2,branch,range,signed,false,8388608,random,4,19458.144,1032.757,21759.531,8673664
8,2,branch,range,signed,false,8388608,random,5,19423.223,1032.537,21697.960,8673664
8,3,main,range,signed,false,8388608,random,1,18033.611,1034.796,22255.378,8673664
8,3,main,range,signed,false,8388608,random,2,19517.575,1059.077,23671.262,8673664
8,3,main,range,signed,false,8388608,random,3,19430.033,1041.257,23557.510,8673664
8,3,main,range,signed,false,8388608,random,4,20354.099,1049.356,24665.848,8673664
8,3,main,range,signed,false,8388608,random,5,20271.587,1045.396,24524.185,8673664
9,0,branch,range,signed,false,8388608,random,1,18753.422,1048.997,21206.982,8673664
9,0,branch,range,signed,false,8388608,random,2,20133.305,1046.607,22664.726,8673664
9,0,branch,range,signed,false,8388608,random,3,20080.144,1044.207,22670.246,8673664
9,0,branch,range,signed,false,8388608,random,4,20391.659,1062.257,22933.280,8673664
9,0,branch,range,signed,false,8388608,random,5,19670.757,1047.847,22019.675,8673664
9,1,main,range,signed,false,8388608,random,1,18781.323,1042.927,22969.300,8673664
9,1,main,range,signed,false,8388608,random,2,19650.507,1046.057,23803.784,8673664
9,1,main,range,signed,false,8388608,random,3,19612.536,1049.707,23822.694,8673664
9,1,main,range,signed,false,8388608,random,4,19718.158,1039.807,23908.005,8673664
9,1,main,range,signed,false,8388608,random,5,19499.974,1037.257,23655.751,8673664
9,2,main,range,signed,false,8388608,random,1,18012.610,1036.237,22151.907,8673664
9,2,main,range,signed,false,8388608,random,2,19430.874,1039.356,23648.042,8673664
9,2,main,range,signed,false,8388608,random,3,19455.824,1041.577,23580.230,8673664
9,2,main,range,signed,false,8388608,random,4,19482.284,1035.487,23614.940,8673664
9,2,main,range,signed,false,8388608,random,5,19530.345,1047.917,23683.192,8673664
9,3,branch,range,signed,false,8388608,random,1,18078.561,1047.117,20411.379,8673664
9,3,branch,range,signed,false,8388608,random,2,19388.023,1036.907,21689.930,8673664
9,3,branch,range,signed,false,8388608,random,3,19472.053,1033.027,21804.221,8673664
9,3,branch,range,signed,false,8388608,random,4,19527.414,1035.077,21805.961,8673664
9,3,branch,range,signed,false,8388608,random,5,19428.863,1085.107,21804.751,8673664
10,0,main,range,signed,false,8388608,random,1,19122.659,1037.846,23427.288,8673664
10,0,main,range,signed,false,8388608,random,2,20314.497,1035.947,24575.046,8673664
10,0,main,range,signed,false,8388608,random,3,19897.990,1036.957,24133.638,8673664
10,0,main,range,signed,false,8388608,random,4,19872.701,1036.616,24165.240,8673664
10,0,main,range,signed,false,8388608,random,5,19913.911,1042.607,24174.640,8673664
10,1,branch,range,signed,false,8388608,random,1,18660.311,1044.427,21241.043,8673664
10,1,branch,range,signed,false,8388608,random,2,20041.823,1041.607,22630.085,8673664
10,1,branch,range,signed,false,8388608,random,3,20067.043,1041.477,22629.095,8673664
10,1,branch,range,signed,false,8388608,random,4,20098.164,1042.627,22647.655,8673664
10,1,branch,range,signed,false,8388608,random,5,20150.455,1035.736,22697.566,8673664
10,2,branch,range,signed,false,8388608,random,1,18683.721,1041.827,21414.465,8673664
10,2,branch,range,signed,false,8388608,random,2,20396.089,1037.046,22948.760,8673664
10,2,branch,range,signed,false,8388608,random,3,20076.293,1044.407,22672.135,8673664
10,2,branch,range,signed,false,8388608,random,4,20076.943,1044.087,22633.255,8673664
10,2,branch,range,signed,false,8388608,random,5,20214.196,1039.167,22749.537,8673664
10,3,main,range,signed,false,8388608,random,1,18975.836,1044.017,23248.725,8673664
10,3,main,range,signed,false,8388608,random,2,20064.163,1038.107,24344.592,8673664
10,3,main,range,signed,false,8388608,random,3,19987.762,1089.878,24321.012,8673664
10,3,main,range,signed,false,8388608,random,4,20056.914,1054.737,24340.053,8673664
10,3,main,range,signed,false,8388608,random,5,21506.567,1064.367,26081.681,8673664
11,0,branch,range,signed,false,8388608,random,1,19523.005,1071.897,22779.227,8673664
11,0,branch,range,signed,false,8388608,random,2,20918.487,1048.307,23466.008,8673664
11,0,branch,range,signed,false,8388608,random,3,20196.686,1047.397,22772.427,8673664
11,0,branch,range,signed,false,8388608,random,4,20191.135,1042.547,22776.727,8673664
11,0,branch,range,signed,false,8388608,random,5,20139.474,1042.127,22691.076,8673664
11,1,main,range,signed,false,8388608,random,1,18541.819,1038.707,22870.709,8673664
11,1,main,range,signed,false,8388608,random,2,20107.294,1039.256,24388.073,8673664
11,1,main,range,signed,false,8388608,random,3,20180.245,1040.707,24475.664,8673664
11,1,main,range,signed,false,8388608,random,4,20255.006,1040.407,24554.006,8673664
11,1,main,range,signed,false,8388608,random,5,20307.538,1073.747,24793.290,8673664
11,2,main,range,signed,false,8388608,random,1,18178.253,1037.167,22405.991,8673664
11,2,main,range,signed,false,8388608,random,2,19761.878,1035.537,23956.616,8673664
11,2,main,range,signed,false,8388608,random,3,19562.556,1036.036,23766.423,8673664
11,2,main,range,signed,false,8388608,random,4,19611.296,1035.857,23812.454,8673664
11,2,main,range,signed,false,8388608,random,5,20057.644,1053.297,24340.743,8673664
11,3,branch,range,signed,false,8388608,random,1,18384.256,1039.017,20700.854,8673664
11,3,branch,range,signed,false,8388608,random,2,19605.566,1045.757,21945.794,8673664
11,3,branch,range,signed,false,8388608,random,3,19977.282,1050.217,22384.820,8673664
11,3,branch,range,signed,false,8388608,random,4,19777.119,1064.217,22150.957,8673664
11,3,branch,range,signed,false,8388608,random,5,19556.485,1032.687,21869.672,8673664
12,0,main,range,signed,false,8388608,random,1,18130.182,1069.217,22330.130,8673664
12,0,main,range,signed,false,8388608,random,2,19489.525,1035.166,23625.641,8673664
12,0,main,range,signed,false,8388608,random,3,19503.574,1040.887,23678.311,8673664
12,0,main,range,signed,false,8388608,random,4,19647.916,1047.227,23827.534,8673664
12,0,main,range,signed,false,8388608,random,5,19702.308,1037.217,23885.445,8673664
12,1,branch,range,signed,false,8388608,random,1,17987.640,1037.816,20320.247,8673664
12,1,branch,range,signed,false,8388608,random,2,19450.093,1038.357,21901.253,8673664
12,1,branch,range,signed,false,8388608,random,3,19569.905,1034.847,21915.533,8673664
12,1,branch,range,signed,false,8388608,random,4,19518.155,1032.897,21816.542,8673664
12,1,branch,range,signed,false,8388608,random,5,19433.094,1036.226,21777.682,8673664
12,2,branch,range,signed,false,8388608,random,1,18301.695,1039.086,20637.782,8673664
12,2,branch,range,signed,false,8388608,random,2,19424.683,1020.006,21684.899,8673664
12,2,branch,range,signed,false,8388608,random,3,19428.203,1026.856,21728.610,8673664
12,2,branch,range,signed,false,8388608,random,4,19508.354,1027.997,21959.874,8673664
12,2,branch,range,signed,false,8388608,random,5,19584.226,1041.677,21880.133,8673664
12,3,main,range,signed,false,8388608,random,1,17925.419,1033.077,22036.995,8673664
12,3,main,range,signed,false,8388608,random,2,19544.325,1042.477,23778.363,8673664
12,3,main,range,signed,false,8388608,random,3,19468.423,1037.307,23625.120,8673664
12,3,main,range,signed,false,8388608,random,4,19472.854,1035.636,23620.461,8673664
12,3,main,range,signed,false,8388608,random,5,19489.054,1037.907,23698.562,8673664
13,0,branch,range,signed,false,8388608,random,1,17997.650,1027.446,20319.567,8673664
13,0,branch,range,signed,false,8388608,random,2,19370.822,1027.676,21707.299,8673664
13,0,branch,range,signed,false,8388608,random,3,19568.476,1028.586,21959.774,8673664
13,0,branch,range,signed,false,8388608,random,4,19584.705,1028.147,21941.603,8673664
13,0,branch,range,signed,false,8388608,random,5,19433.483,1030.167,21770.641,8673664
13,1,main,range,signed,false,8388608,random,1,17995.380,1032.047,22130.257,8673664
13,1,main,range,signed,false,8388608,random,2,19296.261,1028.436,23519.869,8673664
13,1,main,range,signed,false,8388608,random,3,20031.433,1036.187,24231.361,8673664
13,1,main,range,signed,false,8388608,random,4,19579.286,1036.026,23788.164,8673664
13,1,main,range,signed,false,8388608,random,5,19838.490,1036.777,24077.948,8673664
13,2,main,range,signed,false,8388608,random,1,19256.161,1054.557,23653.152,8673664
13,2,main,range,signed,false,8388608,random,2,20501.181,1074.677,24823.260,8673664
13,2,main,range,signed,false,8388608,random,3,20325.397,1050.297,24627.797,8673664
13,2,main,range,signed,false,8388608,random,4,19953.752,1051.847,24250.311,8673664
13,2,main,range,signed,false,8388608,random,5,20091.063,1043.887,24410.063,8673664
13,3,branch,range,signed,false,8388608,random,1,19410.233,1057.377,22072.906,8673664
13,3,branch,range,signed,false,8388608,random,2,19801.909,1040.587,22115.417,8673664
13,3,branch,range,signed,false,8388608,random,3,20215.546,1034.387,22528.033,8673664
13,3,branch,range,signed,false,8388608,random,4,19620.326,1036.617,22052.265,8673664
13,3,branch,range,signed,false,8388608,random,5,19691.007,1035.957,22111.696,8673664
14,0,main,range,signed,false,8388608,random,1,18114.692,1034.067,22243.869,8673664
14,0,main,range,signed,false,8388608,random,2,19459.184,1035.606,23602.980,8673664
14,0,main,range,signed,false,8388608,random,3,19457.693,1035.407,23593.860,8673664
14,0,main,range,signed,false,8388608,random,4,19435.603,1046.637,23593.500,8673664
14,0,main,range,signed,false,8388608,random,5,19378.442,1035.356,23504.118,8673664
14,1,branch,range,signed,false,8388608,random,1,17908.558,1027.637,20222.796,8673664
14,1,branch,range,signed,false,8388608,random,2,19328.612,1027.336,21625.339,8673664
14,1,branch,range,signed,false,8388608,random,3,19329.602,1027.606,21616.909,8673664
14,1,branch,range,signed,false,8388608,random,4,19372.522,1040.427,21717.840,8673664
14,1,branch,range,signed,false,8388608,random,5,19359.132,1032.416,21642.128,8673664
14,2,branch,range,signed,false,8388608,random,1,17905.949,1026.386,20206.116,8673664
14,2,branch,range,signed,false,8388608,random,2,19509.925,1032.916,21886.783,8673664
14,2,branch,range,signed,false,8388608,random,3,19364.442,1026.726,21623.778,8673664
14,2,branch,range,signed,false,8388608,random,4,19283.780,1027.817,21583.527,8673664
14,2,branch,range,signed,false,8388608,random,5,19382.842,1027.767,21695.570,8673664
14,3,main,range,signed,false,8388608,random,1,18581.710,1049.147,22883.459,8673664
14,3,main,range,signed,false,8388608,random,2,20355.298,1039.007,24767.689,8673664
14,3,main,range,signed,false,8388608,random,3,20316.277,1045.587,24614.886,8673664
14,3,main,range,signed,false,8388608,random,4,20066.043,1045.277,24355.222,8673664
14,3,main,range,signed,false,8388608,random,5,19623.506,1045.417,23790.473,8673664
