case,metric,padded_us,unpadded_us,paired_change_pct,low95_pct,high95_pct,pairs
encrypted-signed/false/range,open,865.376,855.095,-1.297,-1.608,-0.898,25
encrypted-signed/false/range,read,16.300,15.110,-7.159,-7.735,-6.610,25
encrypted-signed/false/range,total,890.167,879.176,-1.326,-1.615,-0.779,25
encrypted-signed/false/stream,open,867.346,855.286,-0.995,-1.564,-0.858,25
encrypted-signed/false/stream,read,32.381,31.201,-3.336,-3.888,-3.148,25
encrypted-signed/false/stream,total,908.487,895.066,-1.089,-1.651,-0.862,25
encrypted-signed/false/stream-content,open,866.906,855.785,-1.153,-1.842,-0.654,25
encrypted-signed/false/stream-content,read,32.611,31.451,-3.389,-3.992,-2.942,25
encrypted-signed/false/stream-content,total,908.416,896.456,-1.218,-1.718,-0.759,25
encrypted-signed/false/whole,open,865.746,854.306,-1.303,-1.625,-0.753,25
encrypted-signed/false/whole,read,16.191,15.031,-6.980,-7.452,-6.341,25
encrypted-signed/false/whole,total,890.696,878.687,-1.273,-1.415,-0.843,25
encrypted-signed/true/range,open,878.456,872.726,-0.581,-1.090,-0.263,25
encrypted-signed/true/range,read,15.550,15.100,-3.107,-3.364,-2.393,25
encrypted-signed/true/range,total,902.657,896.557,-0.623,-1.131,-0.285,25
encrypted-signed/true/stream,open,878.276,873.196,-0.500,-0.803,-0.216,25
encrypted-signed/true/stream,read,31.671,31.211,-1.206,-1.655,-0.727,25
encrypted-signed/true/stream,total,918.707,913.137,-0.492,-0.675,-0.304,25
encrypted-signed/true/stream-content,open,876.626,873.876,-0.417,-1.002,0.382,25
encrypted-signed/true/stream-content,read,31.890,31.491,-1.379,-1.903,-1.062,25
encrypted-signed/true/stream-content,total,917.517,914.577,-0.441,-1.040,0.230,25
encrypted-signed/true/whole,open,877.476,872.286,-0.476,-0.913,-0.032,25
encrypted-signed/true/whole,read,15.481,14.980,-3.050,-3.751,-2.613,25
encrypted-signed/true/whole,total,901.567,895.846,-0.492,-0.986,-0.064,25
encrypted/false/range,open,162.833,151.123,-7.202,-8.569,-6.344,25
encrypted/false/range,read,15.700,14.601,-6.466,-8.552,-4.637,25
encrypted/false/range,total,186.663,173.753,-7.261,-8.300,-5.935,25
encrypted/false/stream,open,162.643,150.813,-7.698,-8.347,-6.210,25
encrypted/false/stream,read,31.761,30.801,-2.976,-3.996,-1.997,25
encrypted/false/stream,total,202.574,189.763,-6.390,-7.163,-5.466,25
encrypted/false/stream-content,open,162.883,151.442,-7.078,-8.029,-6.123,25
encrypted/false/stream-content,read,32.021,30.980,-2.886,-3.920,-1.959,25
encrypted/false/stream-content,total,203.194,190.523,-5.896,-6.936,-5.176,25
encrypted/false/whole,open,162.003,150.833,-6.846,-7.963,-6.245,25
encrypted/false/whole,read,15.521,14.540,-5.955,-8.318,-4.868,25
encrypted/false/whole,total,185.393,173.393,-6.322,-7.897,-5.661,25
encrypted/true/range,open,180.093,168.713,-6.515,-7.464,-5.411,25
encrypted/true/range,read,15.570,14.740,-5.197,-5.997,-4.312,25
encrypted/true/range,total,203.504,191.463,-6.030,-6.819,-4.939,25
encrypted/true/stream,open,179.563,168.803,-5.876,-7.225,-5.051,25
encrypted/true/stream,read,31.720,30.940,-2.362,-2.906,-2.069,25
encrypted/true/stream,total,219.194,208.054,-5.073,-6.006,-4.307,25
encrypted/true/stream-content,open,179.883,169.053,-5.870,-7.382,-4.909,25
encrypted/true/stream-content,read,31.951,31.071,-2.482,-3.180,-2.141,25
encrypted/true/stream-content,total,220.094,208.574,-5.250,-6.337,-4.833,25
encrypted/true/whole,open,180.443,169.153,-6.530,-6.781,-5.553,25
encrypted/true/whole,read,15.510,14.670,-5.531,-6.082,-4.774,25
encrypted/true/whole,total,203.954,191.933,-6.324,-6.596,-4.622,25
plain/false/range,open,150.383,139.392,-7.093,-8.703,-5.191,25
plain/false/range,read,13.590,12.640,-7.023,-8.238,-5.797,25
plain/false/range,total,171.603,159.692,-7.277,-8.366,-4.742,25
plain/false/stream,open,150.033,139.562,-7.089,-8.943,-5.417,25
plain/false/stream,read,29.740,28.820,-2.853,-4.018,-2.306,25
plain/false/stream,total,187.833,176.543,-6.117,-7.431,-4.680,25
plain/false/stream-content,open,150.213,139.132,-6.581,-8.748,-5.598,25
plain/false/stream-content,read,30.021,29.010,-3.057,-3.736,-2.724,25
plain/false/stream-content,total,188.093,176.173,-6.576,-7.518,-4.433,25
plain/false/whole,open,150.523,139.462,-7.144,-8.741,-5.871,25
plain/false/whole,read,13.540,12.531,-7.273,-8.453,-5.354,25
plain/false/whole,total,171.833,159.763,-6.977,-8.223,-6.106,25
plain/true/range,open,164.443,157.023,-4.666,-5.531,-3.972,25
plain/true/range,read,13.141,12.750,-2.508,-3.525,-2.228,25
plain/true/range,total,185.393,177.613,-4.030,-4.951,-3.311,25
plain/true/stream,open,164.053,156.913,-4.199,-5.200,-3.385,25
plain/true/stream,read,29.291,28.961,-1.265,-1.853,-0.853,25
plain/true/stream,total,201.453,193.894,-4.109,-4.678,-3.494,25
plain/true/stream-content,open,164.333,156.903,-4.577,-5.132,-3.750,25
plain/true/stream-content,read,29.540,29.131,-1.586,-1.875,-0.980,25
plain/true/stream-content,total,202.043,194.254,-3.688,-4.499,-3.276,25
plain/true/whole,open,164.443,156.983,-4.599,-5.435,-3.599,25
plain/true/whole,read,13.080,12.660,-2.733,-3.533,-2.523,25
plain/true/whole,total,185.063,177.763,-4.264,-5.054,-3.055,25
signed/false/range,open,1203.592,1196.512,-0.306,-0.965,-0.121,25
signed/false/range,read,1.450,1.440,-0.676,-2.027,0.694,25
signed/false/range,total,1213.972,1206.552,-0.371,-0.978,-0.121,25
signed/false/stream,open,1205.352,1198.332,-0.874,-1.210,-0.102,25
signed/false/stream,read,17.480,17.471,-0.006,-0.509,0.395,25
signed/false/stream,total,1231.923,1224.772,-0.822,-1.176,-0.086,25
signed/false/stream-content,open,1203.263,1198.852,-0.484,-0.780,0.122,25
signed/false/stream-content,read,17.780,17.791,0.224,-0.167,0.445,25
signed/false/stream-content,total,1230.163,1225.522,-0.594,-0.720,0.117,25
signed/false/whole,open,1204.012,1196.912,-0.585,-1.086,-0.329,25
signed/false/whole,read,1.390,1.380,-1.408,-2.174,0.714,25
signed/false/whole,total,1214.502,1207.073,-0.603,-1.110,-0.319,25
signed/true/range,open,1222.742,1216.962,-0.371,-0.617,-0.231,25
signed/true/range,read,1.470,1.450,-0.654,-2.027,1.389,25
signed/true/range,total,1232.942,1227.303,-0.344,-0.583,-0.229,25
signed/true/stream,open,1222.542,1215.782,-0.500,-1.167,-0.132,25
signed/true/stream,read,17.481,17.500,0.120,-0.343,0.287,25
signed/true/stream,total,1249.723,1242.223,-0.471,-1.034,-0.125,25
signed/true/stream-content,open,1223.653,1214.232,-0.736,-1.183,-0.216,25
signed/true/stream-content,read,17.820,17.820,-0.056,-0.399,0.512,25
signed/true/stream-content,total,1251.133,1241.273,-0.796,-1.162,-0.158,25
signed/true/whole,open,1224.823,1216.992,-0.769,-0.942,-0.144,25
signed/true/whole,read,1.410,1.410,-0.704,-2.113,1.399,25
signed/true/whole,total,1235.113,1227.233,-0.757,-1.235,-0.104,25
