case,metric,main_us,branch_us,paired_change_pct,low95_pct,high95_pct,pairs
encrypted-signed/false/range,open,882.143,920.424,3.889,-0.949,5.807,15
encrypted-signed/false/range,read,16.220,15.790,-1.480,-6.237,1.782,15
encrypted-signed/false/range,total,910.554,944.985,3.419,-1.343,5.290,15
encrypted-signed/false/stream,open,889.634,921.984,3.479,2.185,5.188,15
encrypted-signed/false/stream,read,32.971,32.270,-2.116,-2.863,-0.418,15
encrypted-signed/false/stream,total,934.605,963.565,2.929,1.868,4.413,15
encrypted-signed/false/stream-content,open,888.714,922.364,4.643,2.890,5.251,15
encrypted-signed/false/stream-content,read,33.181,32.671,-0.890,-1.693,-0.057,15
encrypted-signed/false/stream-content,total,934.815,964.075,3.690,2.309,4.723,15
encrypted-signed/false/whole,open,889.754,916.595,3.000,-0.579,4.345,15
encrypted-signed/false/whole,read,16.230,15.770,-2.307,-5.200,-0.433,15
encrypted-signed/false/whole,total,920.944,943.074,2.366,-1.130,3.768,15
encrypted-signed/true/range,open,908.274,937.774,3.338,2.272,5.405,15
encrypted-signed/true/range,read,16.630,16.221,-1.085,-2.782,-0.115,15
encrypted-signed/true/range,total,937.805,963.455,2.918,2.203,4.962,15
encrypted-signed/true/stream,open,911.124,939.094,3.879,0.124,5.849,15
encrypted-signed/true/stream,read,33.681,32.940,-1.509,-3.435,0.483,15
encrypted-signed/true/stream,total,957.224,981.365,3.181,-0.442,4.654,15
encrypted-signed/true/stream-content,open,914.824,942.875,3.121,1.148,4.841,15
encrypted-signed/true/stream-content,read,33.820,33.211,-1.861,-3.192,-0.836,15
encrypted-signed/true/stream-content,total,961.095,985.265,2.778,0.334,4.294,15
encrypted-signed/true/whole,open,908.104,940.564,3.479,2.232,5.763,15
encrypted-signed/true/whole,read,16.630,16.300,-1.686,-4.384,0.486,15
encrypted-signed/true/whole,total,937.245,965.645,2.941,1.783,5.150,15
encrypted/false/range,open,156.392,150.532,-4.285,-6.635,1.689,15
encrypted/false/range,read,15.971,15.410,-3.354,-4.417,-1.480,15
encrypted/false/range,total,180.413,173.552,-3.993,-7.528,1.588,15
encrypted/false/stream,open,158.112,151.322,-4.527,-6.551,-1.407,15
encrypted/false/stream,read,32.691,31.981,-1.631,-4.198,-0.030,15
encrypted/false/stream,total,200.043,191.963,-3.635,-5.422,-1.072,15
encrypted/false/stream-content,open,155.693,150.382,-4.200,-5.301,-1.381,15
encrypted/false/stream-content,read,32.871,32.291,-1.004,-3.517,0.614,15
encrypted/false/stream-content,total,197.134,191.093,-4.255,-4.678,0.109,15
encrypted/false/whole,open,156.352,152.942,-2.437,-5.391,1.464,15
encrypted/false/whole,read,15.940,15.521,-1.679,-3.741,1.350,15
encrypted/false/whole,total,181.363,177.103,-2.463,-6.194,1.480,15
encrypted/true/range,open,179.193,174.772,-2.454,-4.702,-0.100,15
encrypted/true/range,read,16.880,16.331,-3.090,-5.038,0.533,15
encrypted/true/range,total,204.523,199.134,-2.000,-4.171,-0.265,15
encrypted/true/stream,open,179.383,173.433,-3.256,-4.037,-1.765,15
encrypted/true/stream,read,33.501,32.851,-1.531,-2.250,0.000,15
encrypted/true/stream,total,220.963,215.093,-2.999,-3.959,-1.680,15
encrypted/true/stream-content,open,180.423,171.823,-5.014,-7.133,-3.113,15
encrypted/true/stream-content,read,33.590,33.161,-1.190,-2.817,-0.478,15
encrypted/true/stream-content,total,222.913,214.744,-4.059,-7.419,-2.867,15
encrypted/true/whole,open,180.223,173.023,-3.630,-5.502,-0.597,15
encrypted/true/whole,read,16.790,16.250,-3.112,-4.765,-0.851,15
encrypted/true/whole,total,206.163,197.313,-3.339,-6.363,-0.943,15
plain/false/range,open,148.713,141.082,-4.969,-6.431,-1.001,15
plain/false/range,read,14.040,13.581,-2.403,-5.330,-0.432,15
plain/false/range,total,170.613,162.643,-5.692,-6.519,-0.041,15
plain/false/stream,open,147.562,141.033,-3.615,-6.307,-2.778,15
plain/false/stream,read,30.650,30.140,-1.794,-4.749,0.230,15
plain/false/stream,total,187.192,180.093,-2.845,-3.718,-1.960,15
plain/false/stream-content,open,146.202,141.872,-3.355,-9.043,0.879,15
plain/false/stream-content,read,31.011,30.311,-1.372,-3.920,0.569,15
plain/false/stream-content,total,185.083,180.033,-3.753,-6.866,0.618,15
plain/false/whole,open,147.913,141.572,-3.739,-5.257,-2.015,15
plain/false/whole,read,14.001,13.580,-1.855,-4.052,1.159,15
plain/false/whole,total,169.523,162.972,-3.599,-4.690,-0.353,15
plain/true/range,open,167.142,161.123,-3.394,-5.452,1.117,15
plain/true/range,read,14.210,13.830,-1.854,-5.968,0.833,15
plain/true/range,total,190.423,183.203,-2.129,-5.440,1.488,15
plain/true/stream,open,163.492,157.603,-1.583,-3.870,-0.312,15
plain/true/stream,read,30.660,30.111,-2.168,-2.739,-0.779,15
plain/true/stream,total,202.893,196.353,-2.327,-3.913,3.721,15
plain/true/stream-content,open,162.763,159.242,-3.064,-6.100,-1.539,15
plain/true/stream-content,read,31.041,30.481,-2.034,-5.929,0.326,15
plain/true/stream-content,total,203.533,198.563,-2.107,-4.255,-0.259,15
plain/true/whole,open,164.643,158.783,-3.449,-5.163,-0.920,15
plain/true/whole,read,14.170,13.620,-3.441,-6.485,-2.010,15
plain/true/whole,total,186.983,181.363,-2.834,-4.919,-1.114,15
signed/false/range,open,1235.109,1296.910,4.598,3.794,6.529,15
signed/false/range,read,1.470,1.490,1.863,-12.500,4.000,15
signed/false/range,total,1249.099,1308.930,4.222,3.515,6.224,15
signed/false/stream,open,1240.629,1296.160,4.037,2.444,4.751,15
signed/false/stream,read,17.970,17.940,-0.337,-1.967,0.887,15
signed/false/stream,total,1277.860,1325.170,3.499,2.137,4.211,15
signed/false/stream-content,open,1237.859,1290.370,4.518,0.928,6.659,15
signed/false/stream-content,read,18.320,18.290,0.375,-7.920,1.425,15
signed/false/stream-content,total,1268.440,1318.761,4.009,0.252,6.225,15
signed/false/whole,open,1232.309,1298.550,5.273,2.909,6.557,15
signed/false/whole,read,1.440,1.470,0.746,-2.083,5.556,15
signed/false/whole,total,1245.779,1308.410,4.946,2.605,6.207,15
signed/true/range,open,1276.480,1322.640,3.293,2.249,4.690,15
signed/true/range,read,1.471,1.500,1.346,-1.685,3.378,15
signed/true/range,total,1290.520,1332.890,2.975,1.941,4.447,15
signed/true/stream,open,1274.910,1322.641,4.420,2.985,6.842,15
signed/true/stream,read,18.010,17.931,-0.161,-2.022,0.049,15
signed/true/stream,total,1305.460,1349.181,4.048,2.773,6.596,15
signed/true/stream-content,open,1266.889,1322.880,4.894,3.678,6.085,15
signed/true/stream-content,read,18.290,18.280,0.503,-2.786,1.543,15
signed/true/stream-content,total,1297.490,1355.111,4.507,3.352,5.747,15
signed/true/whole,open,1271.789,1326.211,4.073,3.252,5.035,15
signed/true/whole,read,1.480,1.470,-0.671,-12.209,3.597,15
signed/true/whole,total,1286.620,1336.391,3.746,2.892,4.706,15
