case,round,reader,phase,mode,compressed,size,corpus,sample,open_us,read_us,total_us,archive_bytes
encrypted/false/stream,0,main,stream,encrypted,false,8388608,random,0,816.124,33396.551,37804.737,8659328
encrypted/false/stream,0,main,stream,encrypted,false,8388608,random,1,294.165,22124.419,25852.513,8659328
encrypted/false/stream,0,main,stream,encrypted,false,8388608,random,2,220.704,20657.354,25193.131,8659328
encrypted/false/stream,0,main,stream,encrypted,false,8388608,random,3,283.185,24024.221,28739.282,8659328
encrypted/false/stream,0,main,stream,encrypted,false,8388608,random,4,294.125,24113.933,27893.028,8659328
encrypted/false/stream,0,main,stream,encrypted,false,8388608,random,5,275.305,20071.093,23852.508,8659328
encrypted/false/stream,0,main,stream,encrypted,false,8388608,random,6,237.124,22206.310,26830.329,8659328
encrypted/false/stream,0,main,stream,encrypted,false,8388608,random,7,313.115,23452.771,27130.044,8659328
encrypted/false/stream,0,main,stream,encrypted,false,8388608,random,8,242.885,19425.912,23022.394,8659328
encrypted/false/stream,0,main,stream,encrypted,false,8388608,random,9,236.814,19625.506,23222.507,8659328
encrypted/false/stream,0,main,stream,encrypted,false,8388608,random,10,242.994,19321.041,22869.181,8659328
encrypted/false/stream,0,main,stream,encrypted,false,8388608,random,11,269.864,20504.271,25061.239,8659328
encrypted/false/stream,0,main,stream,encrypted,false,8388608,random,12,311.816,20720.964,24389.778,8659328
encrypted/false/stream,0,main,stream,encrypted,false,8388608,random,13,293.025,21325.735,25162.001,8659328
encrypted/false/stream,0,main,stream,encrypted,false,8388608,random,14,303.135,22959.713,26736.647,8659328
encrypted/false/stream,0,main,stream,encrypted,false,8388608,random,15,313.125,20144.875,23821.687,8659328
encrypted/false/stream,0,main,stream,encrypted,false,8388608,random,16,318.466,20216.246,23983.120,8659328
encrypted/false/stream,0,main,stream,encrypted,false,8388608,random,17,381.357,21241.093,24998.578,8659328
encrypted/false/stream,0,main,stream,encrypted,false,8388608,random,18,333.295,20442.190,24297.276,8659328
encrypted/false/stream,0,main,stream,encrypted,false,8388608,random,19,318.266,20109.554,23882.589,8659328
encrypted/false/stream,0,main,stream,encrypted,false,8388608,random,20,274.065,19885.540,23488.592,8659328
encrypted/false/stream,0,main,stream,encrypted,false,8388608,random,21,262.935,19542.534,23218.537,8659328
encrypted/false/stream,0,main,stream,encrypted,false,8388608,random,22,313.735,19542.435,23142.626,8659328
encrypted/false/stream,0,main,stream,encrypted,false,8388608,random,23,245.144,19298.980,22826.791,8659328
encrypted/false/stream,0,main,stream,encrypted,false,8388608,random,24,269.925,19408.142,23017.324,8659328
encrypted/false/stream,0,main,stream,encrypted,false,8388608,random,25,269.775,19978.992,24306.716,8659328
encrypted/false/stream,0,main,stream,encrypted,false,8388608,random,26,272.904,21631.111,25899.363,8659328
encrypted/false/stream,0,main,stream,encrypted,false,8388608,random,27,262.285,19339.201,22885.322,8659328
encrypted/false/stream,0,main,stream,encrypted,false,8388608,random,28,251.584,19449.223,23081.665,8659328
encrypted/false/stream,0,main,stream,encrypted,false,8388608,random,29,261.595,19405.392,22930.732,8659328
encrypted/false/stream,0,main,stream,encrypted,false,8388608,random,30,249.684,19165.648,22844.181,8659328
encrypted/false/stream,0,main,stream,encrypted,false,8388608,random,31,261.315,19537.904,23132.746,8659328
encrypted/false/stream,0,main,stream,encrypted,false,8388608,random,32,271.184,19270.870,22893.881,8659328
encrypted/false/stream,0,main,stream,encrypted,false,8388608,random,33,287.685,19490.623,23609.444,8659328
encrypted/false/stream,0,main,stream,encrypted,false,8388608,random,34,298.905,19516.904,23191.067,8659328
encrypted/false/stream,0,main,stream,encrypted,false,8388608,random,35,257.564,19940.371,23521.752,8659328
encrypted/false/stream,0,main,stream,encrypted,false,8388608,random,36,263.854,19617.576,23234.987,8659328
encrypted/false/stream,0,main,stream,encrypted,false,8388608,random,37,300.535,20404.469,24203.304,8659328
encrypted/false/stream,0,main,stream,encrypted,false,8388608,random,38,334.766,19715.458,23344.440,8659328
encrypted/false/stream,0,main,stream,encrypted,false,8388608,random,39,267.605,19327.730,22828.331,8659328
encrypted/false/stream,0,main,stream,encrypted,false,8388608,random,40,258.925,19420.232,23278.799,8659328
encrypted/false/stream,0,main,stream,encrypted,false,8388608,random,41,286.705,19911.121,23666.625,8659328
encrypted/false/stream,0,main,stream,encrypted,false,8388608,random,42,306.325,19725.157,23304.858,8659328
encrypted/false/stream,0,main,stream,encrypted,false,8388608,random,43,259.584,19650.686,23214.777,8659328
encrypted/false/stream,0,main,stream,encrypted,false,8388608,random,44,246.634,19663.496,23348.259,8659328
encrypted/false/stream,0,main,stream,encrypted,false,8388608,random,45,275.335,22144.529,26550.115,8659328
encrypted/false/stream,0,main,stream,encrypted,false,8388608,random,46,317.156,22792.970,27334.738,8659328
encrypted/false/stream,0,main,stream,encrypted,false,8388608,random,47,299.816,22253.250,26685.727,8659328
encrypted/false/stream,0,main,stream,encrypted,false,8388608,random,48,305.565,22064.467,26554.334,8659328
encrypted/false/stream,0,main,stream,encrypted,false,8388608,random,49,308.026,21996.516,25865.883,8659328
encrypted/false/stream,0,main,stream,encrypted,false,8388608,random,50,253.324,19761.778,23316.988,8659328
encrypted/false/stream,0,main,stream,encrypted,false,8388608,random,51,261.874,20521.031,24404.357,8659328
encrypted/false/stream,0,main,stream,encrypted,false,8388608,random,52,217.524,20150.904,24517.389,8659328
encrypted/false/stream,0,main,stream,encrypted,false,8388608,random,53,315.395,22249.351,26500.723,8659328
encrypted/false/stream,0,main,stream,encrypted,false,8388608,random,54,295.845,21339.485,25652.469,8659328
encrypted/false/stream,0,main,stream,encrypted,false,8388608,random,55,239.964,19897.061,23520.543,8659328
encrypted/false/stream,0,main,stream,encrypted,false,8388608,random,56,258.395,19615.705,23191.647,8659328
encrypted/false/stream,0,main,stream,encrypted,false,8388608,random,57,303.795,21313.674,25184.060,8659328
encrypted/false/stream,0,main,stream,encrypted,false,8388608,random,58,289.015,19778.598,23527.022,8659328
encrypted/false/stream,0,main,stream,encrypted,false,8388608,random,59,240.564,21937.845,26638.586,8659328
encrypted/false/stream,0,main,stream,encrypted,false,8388608,random,60,293.085,22481.325,26868.500,8659328
encrypted/false/stream,1,branch,stream,encrypted,false,8388608,random,0,570.390,23931.599,25540.736,8659328
encrypted/false/stream,1,branch,stream,encrypted,false,8388608,random,1,228.844,17564.360,19420.442,8659328
encrypted/false/stream,1,branch,stream,encrypted,false,8388608,random,2,230.554,16826.188,18635.319,8659328
encrypted/false/stream,1,branch,stream,encrypted,false,8388608,random,3,220.784,16929.419,18784.481,8659328
encrypted/false/stream,1,branch,stream,encrypted,false,8388608,random,4,222.393,16851.348,18682.949,8659328
encrypted/false/stream,1,branch,stream,encrypted,false,8388608,random,5,230.224,17247.815,19162.628,8659328
encrypted/false/stream,1,branch,stream,encrypted,false,8388608,random,6,228.214,17837.785,19736.978,8659328
encrypted/false/stream,1,branch,stream,encrypted,false,8388608,random,7,249.234,17440.198,19377.371,8659328
encrypted/false/stream,1,branch,stream,encrypted,false,8388608,random,8,230.494,17400.227,19659.786,8659328
encrypted/false/stream,1,branch,stream,encrypted,false,8388608,random,9,324.026,17627.781,19706.057,8659328
encrypted/false/stream,1,branch,stream,encrypted,false,8388608,random,10,269.104,17633.192,19537.304,8659328
encrypted/false/stream,1,branch,stream,encrypted,false,8388608,random,11,284.245,17454.858,19367.291,8659328
encrypted/false/stream,1,branch,stream,encrypted,false,8388608,random,12,294.985,17635.252,19959.742,8659328
encrypted/false/stream,1,branch,stream,encrypted,false,8388608,random,13,330.486,17853.775,19782.988,8659328
encrypted/false/stream,1,branch,stream,encrypted,false,8388608,random,14,234.204,17569.420,19710.427,8659328
encrypted/false/stream,1,branch,stream,encrypted,false,8388608,random,15,319.906,19875.989,22512.265,8659328
encrypted/false/stream,1,branch,stream,encrypted,false,8388608,random,16,353.216,18133.310,20188.745,8659328
encrypted/false/stream,1,branch,stream,encrypted,false,8388608,random,17,295.865,17825.545,19732.468,8659328
encrypted/false/stream,1,branch,stream,encrypted,false,8388608,random,18,249.174,17451.668,19383.661,8659328
encrypted/false/stream,1,branch,stream,encrypted,false,8388608,random,19,263.044,17674.832,19625.975,8659328
encrypted/false/stream,1,branch,stream,encrypted,false,8388608,random,20,322.425,18544.577,21166.931,8659328
encrypted/false/stream,1,branch,stream,encrypted,false,8388608,random,21,360.626,21389.246,23943.399,8659328
encrypted/false/stream,1,branch,stream,encrypted,false,8388608,random,22,326.315,20805.366,23273.967,8659328
encrypted/false/stream,1,branch,stream,encrypted,false,8388608,random,23,324.716,20159.974,22681.438,8659328
encrypted/false/stream,1,branch,stream,encrypted,false,8388608,random,24,364.666,20978.689,23417.570,8659328
encrypted/false/stream,1,branch,stream,encrypted,false,8388608,random,25,339.766,20270.886,22662.267,8659328
encrypted/false/stream,1,branch,stream,encrypted,false,8388608,random,26,336.836,20158.304,22662.217,8659328
encrypted/false/stream,1,branch,stream,encrypted,false,8388608,random,27,302.806,20027.402,22167.239,8659328
encrypted/false/stream,1,branch,stream,encrypted,false,8388608,random,28,290.895,18493.796,20505.350,8659328
encrypted/false/stream,1,branch,stream,encrypted,false,8388608,random,29,262.334,17540.090,19578.464,8659328
encrypted/false/stream,1,branch,stream,encrypted,false,8388608,random,30,272.954,17419.808,19526.903,8659328
encrypted/false/stream,1,branch,stream,encrypted,false,8388608,random,31,282.005,18560.867,20864.346,8659328
encrypted/false/stream,1,branch,stream,encrypted,false,8388608,random,32,306.185,18730.040,20755.815,8659328
encrypted/false/stream,1,branch,stream,encrypted,false,8388608,random,33,291.495,17619.511,19760.668,8659328
encrypted/false/stream,1,branch,stream,encrypted,false,8388608,random,34,251.735,18695.239,20798.726,8659328
encrypted/false/stream,1,branch,stream,encrypted,false,8388608,random,35,277.735,19787.728,22076.938,8659328
encrypted/false/stream,1,branch,stream,encrypted,false,8388608,random,36,277.345,19368.561,21775.312,8659328
encrypted/false/stream,1,branch,stream,encrypted,false,8388608,random,37,315.955,20198.355,22507.654,8659328
encrypted/false/stream,1,branch,stream,encrypted,false,8388608,random,38,280.795,19455.102,21901.384,8659328
encrypted/false/stream,1,branch,stream,encrypted,false,8388608,random,39,330.465,20243.876,22331.701,8659328
encrypted/false/stream,1,branch,stream,encrypted,false,8388608,random,40,291.905,18454.755,20640.033,8659328
encrypted/false/stream,1,branch,stream,encrypted,false,8388608,random,41,289.095,17860.655,19801.899,8659328
encrypted/false/stream,1,branch,stream,encrypted,false,8388608,random,42,280.095,17546.860,19652.546,8659328
encrypted/false/stream,1,branch,stream,encrypted,false,8388608,random,43,319.775,18256.052,20411.968,8659328
encrypted/false/stream,1,branch,stream,encrypted,false,8388608,random,44,309.185,19806.708,22131.748,8659328
encrypted/false/stream,1,branch,stream,encrypted,false,8388608,random,45,306.955,18671.429,20661.593,8659328
encrypted/false/stream,1,branch,stream,encrypted,false,8388608,random,46,294.435,17609.161,19614.045,8659328
encrypted/false/stream,1,branch,stream,encrypted,false,8388608,random,47,226.534,17465.488,19364.331,8659328
encrypted/false/stream,1,branch,stream,encrypted,false,8388608,random,48,249.964,17094.413,18945.894,8659328
encrypted/false/stream,1,branch,stream,encrypted,false,8388608,random,49,227.084,17230.205,19080.416,8659328
encrypted/false/stream,1,branch,stream,encrypted,false,8388608,random,50,249.394,17698.603,19612.225,8659328
encrypted/false/stream,1,branch,stream,encrypted,false,8388608,random,51,239.774,17130.273,19015.215,8659328
encrypted/false/stream,1,branch,stream,encrypted,false,8388608,random,52,251.264,17635.711,19708.576,8659328
encrypted/false/stream,1,branch,stream,encrypted,false,8388608,random,53,257.214,18567.128,20705.344,8659328
encrypted/false/stream,1,branch,stream,encrypted,false,8388608,random,54,317.906,19526.103,21612.870,8659328
encrypted/false/stream,1,branch,stream,encrypted,false,8388608,random,55,267.785,18096.229,20041.832,8659328
encrypted/false/stream,1,branch,stream,encrypted,false,8388608,random,56,269.745,17864.075,19848.269,8659328
encrypted/false/stream,1,branch,stream,encrypted,false,8388608,random,57,263.694,18332.973,20312.637,8659328
encrypted/false/stream,1,branch,stream,encrypted,false,8388608,random,58,283.405,17601.541,19673.396,8659328
encrypted/false/stream,1,branch,stream,encrypted,false,8388608,random,59,254.964,17931.747,20259.366,8659328
encrypted/false/stream,1,branch,stream,encrypted,false,8388608,random,60,305.976,20832.096,23174.166,8659328
encrypted/false/stream,2,branch,stream,encrypted,false,8388608,random,0,656.021,28600.098,30532.011,8659328
encrypted/false/stream,2,branch,stream,encrypted,false,8388608,random,1,293.065,20825.936,23245.807,8659328
encrypted/false/stream,2,branch,stream,encrypted,false,8388608,random,2,307.795,19481.482,21754.781,8659328
encrypted/false/stream,2,branch,stream,encrypted,false,8388608,random,3,307.546,19699.596,21896.364,8659328
encrypted/false/stream,2,branch,stream,encrypted,false,8388608,random,4,262.274,19546.544,21789.012,8659328
encrypted/false/stream,2,branch,stream,encrypted,false,8388608,random,5,277.205,19673.486,21808.673,8659328
encrypted/false/stream,2,branch,stream,encrypted,false,8388608,random,6,231.414,20132.294,22426.833,8659328
encrypted/false/stream,2,branch,stream,encrypted,false,8388608,random,7,290.475,19694.097,22099.328,8659328
encrypted/false/stream,2,branch,stream,encrypted,false,8388608,random,8,307.245,19589.635,21963.955,8659328
encrypted/false/stream,2,branch,stream,encrypted,false,8388608,random,9,319.725,19484.303,21725.171,8659328
encrypted/false/stream,2,branch,stream,encrypted,false,8388608,random,10,287.505,19183.438,21403.226,8659328
encrypted/false/stream,2,branch,stream,encrypted,false,8388608,random,11,290.175,19734.397,21890.854,8659328
encrypted/false/stream,2,branch,stream,encrypted,false,8388608,random,12,252.635,19703.476,21991.426,8659328
encrypted/false/stream,2,branch,stream,encrypted,false,8388608,random,13,288.885,19613.765,22006.146,8659328
encrypted/false/stream,2,branch,stream,encrypted,false,8388608,random,14,289.675,19971.191,22252.600,8659328
encrypted/false/stream,2,branch,stream,encrypted,false,8388608,random,15,282.165,19936.890,22134.038,8659328
encrypted/false/stream,2,branch,stream,encrypted,false,8388608,random,16,304.375,19928.330,22229.790,8659328
encrypted/false/stream,2,branch,stream,encrypted,false,8388608,random,17,311.886,19987.421,22170.039,8659328
encrypted/false/stream,2,branch,stream,encrypted,false,8388608,random,18,302.575,19822.799,22030.196,8659328
encrypted/false/stream,2,branch,stream,encrypted,false,8388608,random,19,237.184,19656.545,21803.882,8659328
encrypted/false/stream,2,branch,stream,encrypted,false,8388608,random,20,279.155,19656.935,21923.644,8659328
encrypted/false/stream,2,branch,stream,encrypted,false,8388608,random,21,293.305,19768.997,22142.708,8659328
encrypted/false/stream,2,branch,stream,encrypted,false,8388608,random,22,307.546,19965.020,22295.481,8659328
encrypted/false/stream,2,branch,stream,encrypted,false,8388608,random,23,310.146,19195.497,21513.067,8659328
encrypted/false/stream,2,branch,stream,encrypted,false,8388608,random,24,299.985,19596.275,21901.034,8659328
encrypted/false/stream,2,branch,stream,encrypted,false,8388608,random,25,301.175,19635.565,21885.434,8659328
encrypted/false/stream,2,branch,stream,encrypted,false,8388608,random,26,327.656,20014.712,22346.592,8659328
encrypted/false/stream,2,branch,stream,encrypted,false,8388608,random,27,277.345,19999.391,22274.820,8659328
encrypted/false/stream,2,branch,stream,encrypted,false,8388608,random,28,309.275,19772.158,22144.068,8659328
encrypted/false/stream,2,branch,stream,encrypted,false,8388608,random,29,328.366,19788.338,22186.649,8659328
encrypted/false/stream,2,branch,stream,encrypted,false,8388608,random,30,315.785,19780.108,22150.988,8659328
encrypted/false/stream,2,branch,stream,encrypted,false,8388608,random,31,308.195,19676.296,21998.896,8659328
encrypted/false/stream,2,branch,stream,encrypted,false,8388608,random,32,284.095,19388.271,21669.230,8659328
encrypted/false/stream,2,branch,stream,encrypted,false,8388608,random,33,312.055,19942.630,22309.960,8659328
encrypted/false/stream,2,branch,stream,encrypted,false,8388608,random,34,296.095,19844.368,22225.789,8659328
encrypted/false/stream,2,branch,stream,encrypted,false,8388608,random,35,301.535,19573.504,21905.583,8659328
encrypted/false/stream,2,branch,stream,encrypted,false,8388608,random,36,311.525,20114.053,22425.773,8659328
encrypted/false/stream,2,branch,stream,encrypted,false,8388608,random,37,285.785,19672.706,21959.495,8659328
encrypted/false/stream,2,branch,stream,encrypted,false,8388608,random,38,316.275,20065.532,22518.034,8659328
encrypted/false/stream,2,branch,stream,encrypted,false,8388608,random,39,315.266,20031.182,22368.062,8659328
encrypted/false/stream,2,branch,stream,encrypted,false,8388608,random,40,322.285,19210.648,21406.335,8659328
encrypted/false/stream,2,branch,stream,encrypted,false,8388608,random,41,258.085,19740.627,21921.385,8659328
encrypted/false/stream,2,branch,stream,encrypted,false,8388608,random,42,266.415,18932.953,21179.311,8659328
encrypted/false/stream,2,branch,stream,encrypted,false,8388608,random,43,262.665,19630.575,21824.512,8659328
encrypted/false/stream,2,branch,stream,encrypted,false,8388608,random,44,277.425,19606.364,21851.843,8659328
encrypted/false/stream,2,branch,stream,encrypted,false,8388608,random,45,260.235,19659.415,21886.284,8659328
encrypted/false/stream,2,branch,stream,encrypted,false,8388608,random,46,292.815,19527.984,21836.193,8659328
encrypted/false/stream,2,branch,stream,encrypted,false,8388608,random,47,316.685,19615.885,22014.746,8659328
encrypted/false/stream,2,branch,stream,encrypted,false,8388608,random,48,244.084,19364.541,21570.748,8659328
encrypted/false/stream,2,branch,stream,encrypted,false,8388608,random,49,330.425,19715.717,22018.365,8659328
encrypted/false/stream,2,branch,stream,encrypted,false,8388608,random,50,323.015,19620.025,21971.445,8659328
encrypted/false/stream,2,branch,stream,encrypted,false,8388608,random,51,322.186,20347.717,22765.899,8659328
encrypted/false/stream,2,branch,stream,encrypted,false,8388608,random,52,317.725,19083.606,21361.914,8659328
encrypted/false/stream,2,branch,stream,encrypted,false,8388608,random,53,323.665,19332.240,21678.110,8659328
encrypted/false/stream,2,branch,stream,encrypted,false,8388608,random,54,339.346,19857.259,22113.648,8659328
encrypted/false/stream,2,branch,stream,encrypted,false,8388608,random,55,333.856,19012.694,21359.835,8659328
encrypted/false/stream,2,branch,stream,encrypted,false,8388608,random,56,303.066,19565.283,21778.452,8659328
encrypted/false/stream,2,branch,stream,encrypted,false,8388608,random,57,323.425,19500.413,21673.630,8659328
encrypted/false/stream,2,branch,stream,encrypted,false,8388608,random,58,277.985,17938.926,19693.936,8659328
encrypted/false/stream,2,branch,stream,encrypted,false,8388608,random,59,206.083,19183.998,21530.737,8659328
encrypted/false/stream,2,branch,stream,encrypted,false,8388608,random,60,329.365,19357.081,21153.871,8659328
encrypted/false/stream,3,main,stream,encrypted,false,8388608,random,0,494.529,29483.852,33227.957,8659328
encrypted/false/stream,3,main,stream,encrypted,false,8388608,random,1,294.295,22513.184,26658.575,8659328
encrypted/false/stream,3,main,stream,encrypted,false,8388608,random,2,315.736,21586.298,25251.981,8659328
encrypted/false/stream,3,main,stream,encrypted,false,8388608,random,3,256.285,21037.898,24669.291,8659328
encrypted/false/stream,3,main,stream,encrypted,false,8388608,random,4,247.354,19604.125,23186.055,8659328
encrypted/false/stream,3,main,stream,encrypted,false,8388608,random,5,268.465,20310.386,23917.308,8659328
encrypted/false/stream,3,main,stream,encrypted,false,8388608,random,6,279.245,20394.368,24048.780,8659328
encrypted/false/stream,3,main,stream,encrypted,false,8388608,random,7,282.795,20078.172,23640.363,8659328
encrypted/false/stream,3,main,stream,encrypted,false,8388608,random,8,274.315,18978.743,22556.355,8659328
encrypted/false/stream,3,main,stream,encrypted,false,8388608,random,9,253.355,19126.366,22629.706,8659328
encrypted/false/stream,3,main,stream,encrypted,false,8388608,random,10,248.854,19188.157,22739.927,8659328
encrypted/false/stream,3,main,stream,encrypted,false,8388608,random,11,254.014,19551.203,23137.964,8659328
encrypted/false/stream,3,main,stream,encrypted,false,8388608,random,12,278.174,18951.673,22459.342,8659328
encrypted/false/stream,3,main,stream,encrypted,false,8388608,random,13,253.004,19307.399,22857.089,8659328
encrypted/false/stream,3,main,stream,encrypted,false,8388608,random,14,253.634,19235.308,22833.049,8659328
encrypted/false/stream,3,main,stream,encrypted,false,8388608,random,15,259.404,19460.152,23002.302,8659328
encrypted/false/stream,3,main,stream,encrypted,false,8388608,random,16,271.775,18798.460,22318.791,8659328
encrypted/false/stream,3,main,stream,encrypted,false,8388608,random,17,267.975,19484.062,23087.884,8659328
encrypted/false/stream,3,main,stream,encrypted,false,8388608,random,18,316.465,19447.471,23019.572,8659328
encrypted/false/stream,3,main,stream,encrypted,false,8388608,random,19,276.875,18930.253,22426.023,8659328
encrypted/false/stream,3,main,stream,encrypted,false,8388608,random,20,274.765,18955.643,22567.335,8659328
encrypted/false/stream,3,main,stream,encrypted,false,8388608,random,21,303.315,19255.299,22738.848,8659328
encrypted/false/stream,3,main,stream,encrypted,false,8388608,random,22,270.895,18773.230,22241.029,8659328
encrypted/false/stream,3,main,stream,encrypted,false,8388608,random,23,254.244,18684.428,22159.577,8659328
encrypted/false/stream,3,main,stream,encrypted,false,8388608,random,24,268.134,18619.978,22104.376,8659328
encrypted/false/stream,3,main,stream,encrypted,false,8388608,random,25,239.984,18831.061,22457.593,8659328
encrypted/false/stream,3,main,stream,encrypted,false,8388608,random,26,276.585,18969.693,22580.095,8659328
encrypted/false/stream,3,main,stream,encrypted,false,8388608,random,27,298.145,19071.235,22686.076,8659328
encrypted/false/stream,3,main,stream,encrypted,false,8388608,random,28,279.864,19123.466,22633.285,8659328
encrypted/false/stream,3,main,stream,encrypted,false,8388608,random,29,266.304,19106.446,22704.087,8659328
encrypted/false/stream,3,main,stream,encrypted,false,8388608,random,30,315.966,19275.278,22842.850,8659328
encrypted/false/stream,3,main,stream,encrypted,false,8388608,random,31,267.015,19012.504,22499.324,8659328
encrypted/false/stream,3,main,stream,encrypted,false,8388608,random,32,264.765,19202.517,22794.228,8659328
encrypted/false/stream,3,main,stream,encrypted,false,8388608,random,33,266.525,19331.309,22913.611,8659328
encrypted/false/stream,3,main,stream,encrypted,false,8388608,random,34,268.685,18598.627,22093.177,8659328
encrypted/false/stream,3,main,stream,encrypted,false,8388608,random,35,249.794,19041.825,22591.495,8659328
encrypted/false/stream,3,main,stream,encrypted,false,8388608,random,36,252.825,18936.282,22519.744,8659328
encrypted/false/stream,3,main,stream,encrypted,false,8388608,random,37,260.194,18818.261,22310.750,8659328
encrypted/false/stream,3,main,stream,encrypted,false,8388608,random,38,253.405,18992.443,22430.713,8659328
encrypted/false/stream,3,main,stream,encrypted,false,8388608,random,39,235.404,18653.928,22075.276,8659328
encrypted/false/stream,3,main,stream,encrypted,false,8388608,random,40,248.864,18463.135,21924.493,8659328
encrypted/false/stream,3,main,stream,encrypted,false,8388608,random,41,246.774,18959.383,22446.502,8659328
encrypted/false/stream,3,main,stream,encrypted,false,8388608,random,42,276.195,18893.952,22447.622,8659328
encrypted/false/stream,3,main,stream,encrypted,false,8388608,random,43,275.484,18813.801,22279.540,8659328
encrypted/false/stream,3,main,stream,encrypted,false,8388608,random,44,277.395,18590.206,22044.576,8659328
encrypted/false/stream,3,main,stream,encrypted,false,8388608,random,45,242.094,18372.973,21770.101,8659328
encrypted/false/stream,3,main,stream,encrypted,false,8388608,random,46,235.414,18443.385,21865.173,8659328
encrypted/false/stream,3,main,stream,encrypted,false,8388608,random,47,242.975,18513.095,21931.964,8659328
encrypted/false/stream,3,main,stream,encrypted,false,8388608,random,48,231.964,18315.852,21822.052,8659328
encrypted/false/stream,3,main,stream,encrypted,false,8388608,random,49,256.654,19198.378,22652.156,8659328
encrypted/false/stream,3,main,stream,encrypted,false,8388608,random,50,264.165,21122.700,25377.653,8659328
encrypted/false/stream,3,main,stream,encrypted,false,8388608,random,51,305.485,21496.016,25844.850,8659328
encrypted/false/stream,3,main,stream,encrypted,false,8388608,random,52,305.455,21356.204,25485.194,8659328
encrypted/false/stream,3,main,stream,encrypted,false,8388608,random,53,265.885,18607.927,22056.486,8659328
encrypted/false/stream,3,main,stream,encrypted,false,8388608,random,54,254.964,18512.456,21934.944,8659328
encrypted/false/stream,3,main,stream,encrypted,false,8388608,random,55,252.544,18406.914,21841.502,8659328
encrypted/false/stream,3,main,stream,encrypted,false,8388608,random,56,254.014,18502.225,22300.620,8659328
encrypted/false/stream,3,main,stream,encrypted,false,8388608,random,57,229.564,18404.274,21784.251,8659328
encrypted/false/stream,3,main,stream,encrypted,false,8388608,random,58,212.443,18229.231,21605.518,8659328
encrypted/false/stream,3,main,stream,encrypted,false,8388608,random,59,221.164,18414.734,21796.412,8659328
encrypted/false/stream,3,main,stream,encrypted,false,8388608,random,60,239.804,18295.982,21676.460,8659328
signed/false/range,0,main,range,signed,false,8388608,random,0,24216.573,1058.428,27999.117,8673664
signed/false/range,0,main,range,signed,false,8388608,random,1,19028.884,1045.468,23315.537,8673664
signed/false/range,0,main,range,signed,false,8388608,random,2,20292.185,1044.738,24594.688,8673664
signed/false/range,0,main,range,signed,false,8388608,random,3,20150.783,1044.958,24443.046,8673664
signed/false/range,0,main,range,signed,false,8388608,random,4,20090.232,1043.648,24380.535,8673664
signed/false/range,0,main,range,signed,false,8388608,random,5,20432.048,1054.758,24821.132,8673664
signed/false/range,0,main,range,signed,false,8388608,random,6,20688.712,1075.028,25088.447,8673664
signed/false/range,0,main,range,signed,false,8388608,random,7,20838.005,1074.538,25251.900,8673664
signed/false/range,0,main,range,signed,false,8388608,random,8,21056.268,1069.178,25441.982,8673664
signed/false/range,0,main,range,signed,false,8388608,random,9,21326.703,1052.808,25681.457,8673664
signed/false/range,0,main,range,signed,false,8388608,random,10,20820.194,1085.508,25300.730,8673664
signed/false/range,0,main,range,signed,false,8388608,random,11,20528.819,1044.388,24823.432,8673664
signed/false/range,0,main,range,signed,false,8388608,random,12,20338.586,1059.068,24759.231,8673664
signed/false/range,0,main,range,signed,false,8388608,random,13,20516.690,1052.267,24851.723,8673664
signed/false/range,0,main,range,signed,false,8388608,random,14,20934.536,1079.709,25327.501,8673664
signed/false/range,0,main,range,signed,false,8388608,random,15,20774.094,1058.358,25147.088,8673664
signed/false/range,0,main,range,signed,false,8388608,random,16,20775.253,1059.288,25153.528,8673664
signed/false/range,0,main,range,signed,false,8388608,random,17,20739.463,1050.638,25098.797,8673664
signed/false/range,0,main,range,signed,false,8388608,random,18,20560.390,1070.688,24954.885,8673664
signed/false/range,0,main,range,signed,false,8388608,random,19,20595.621,1056.278,24955.395,8673664
signed/false/range,0,main,range,signed,false,8388608,random,20,20691.122,1058.088,25012.336,8673664
signed/false/range,0,main,range,signed,false,8388608,random,21,20404.088,1049.547,24698.561,8673664
signed/false/range,0,main,range,signed,false,8388608,random,22,20168.063,1051.218,24448.806,8673664
signed/false/range,0,main,range,signed,false,8388608,random,23,20067.791,1042.448,24344.234,8673664
signed/false/range,0,main,range,signed,false,8388608,random,24,20194.034,1047.538,24484.467,8673664
signed/false/range,0,main,range,signed,false,8388608,random,25,20642.351,1065.588,25018.685,8673664
signed/false/range,0,main,range,signed,false,8388608,random,26,20470.548,1055.588,24768.561,8673664
signed/false/range,0,main,range,signed,false,8388608,random,27,20131.052,1068.979,24421.575,8673664
signed/false/range,0,main,range,signed,false,8388608,random,28,20021.041,1043.487,24249.792,8673664
signed/false/range,0,main,range,signed,false,8388608,random,29,20310.736,1042.847,24545.638,8673664
signed/false/range,0,main,range,signed,false,8388608,random,30,20256.855,1063.048,24611.099,8673664
signed/false/range,0,main,range,signed,false,8388608,random,31,20408.078,1043.328,24749.762,8673664
signed/false/range,0,main,range,signed,false,8388608,random,32,20272.655,1042.838,24532.878,8673664
signed/false/range,0,main,range,signed,false,8388608,random,33,20234.165,1048.577,24498.527,8673664
signed/false/range,0,main,range,signed,false,8388608,random,34,20370.807,1042.758,24645.510,8673664
signed/false/range,0,main,range,signed,false,8388608,random,35,20306.596,1043.548,24617.429,8673664
signed/false/range,0,main,range,signed,false,8388608,random,36,20398.237,1077.218,24734.131,8673664
signed/false/range,0,main,range,signed,false,8388608,random,37,20229.834,1042.908,24489.757,8673664
signed/false/range,0,main,range,signed,false,8388608,random,38,20315.745,1042.478,24587.528,8673664
signed/false/range,0,main,range,signed,false,8388608,random,39,20409.858,1042.268,24673.780,8673664
signed/false/range,0,main,range,signed,false,8388608,random,40,20339.266,1049.848,24701.190,8673664
signed/false/range,0,main,range,signed,false,8388608,random,41,20261.935,1046.857,24528.427,8673664
signed/false/range,0,main,range,signed,false,8388608,random,42,20233.944,1043.348,24513.487,8673664
signed/false/range,0,main,range,signed,false,8388608,random,43,20444.398,1061.479,24778.372,8673664
signed/false/range,0,main,range,signed,false,8388608,random,44,20299.765,1046.408,24600.868,8673664
signed/false/range,0,main,range,signed,false,8388608,random,45,20423.408,1050.537,24784.932,8673664
signed/false/range,0,main,range,signed,false,8388608,random,46,20405.917,1050.258,24777.632,8673664
signed/false/range,0,main,range,signed,false,8388608,random,47,20330.826,1047.058,24653.210,8673664
signed/false/range,0,main,range,signed,false,8388608,random,48,20240.274,1044.348,24549.068,8673664
signed/false/range,0,main,range,signed,false,8388608,random,49,20300.276,1046.697,24629.859,8673664
signed/false/range,0,main,range,signed,false,8388608,random,50,20402.917,1052.048,24718.290,8673664
signed/false/range,0,main,range,signed,false,8388608,random,51,20346.936,1041.668,24621.199,8673664
signed/false/range,0,main,range,signed,false,8388608,random,52,20472.539,1049.107,24829.653,8673664
signed/false/range,0,main,range,signed,false,8388608,random,53,20628.541,1050.358,24960.175,8673664
signed/false/range,0,main,range,signed,false,8388608,random,54,20623.601,1050.258,25004.306,8673664
signed/false/range,0,main,range,signed,false,8388608,random,55,20378.497,1047.558,24678.180,8673664
signed/false/range,0,main,range,signed,false,8388608,random,56,20405.267,1042.628,24735.491,8673664
signed/false/range,0,main,range,signed,false,8388608,random,57,20456.108,1043.688,24878.143,8673664
signed/false/range,0,main,range,signed,false,8388608,random,58,20293.775,1050.318,24599.889,8673664
signed/false/range,0,main,range,signed,false,8388608,random,59,20117.172,1043.348,24442.916,8673664
signed/false/range,0,main,range,signed,false,8388608,random,60,20483.629,1054.658,25627.896,8673664
signed/false/range,1,branch,range,signed,false,8388608,random,0,23920.497,1081.568,26000.562,8673664
signed/false/range,1,branch,range,signed,false,8388608,random,1,18817.390,1055.908,21423.444,8673664
signed/false/range,1,branch,range,signed,false,8388608,random,2,20263.155,1049.088,22849.519,8673664
signed/false/range,1,branch,range,signed,false,8388608,random,3,20202.044,1055.308,22797.228,8673664
signed/false/range,1,branch,range,signed,false,8388608,random,4,20056.051,1042.628,22625.205,8673664
signed/false/range,1,branch,range,signed,false,8388608,random,5,20417.957,1050.798,23100.943,8673664
signed/false/range,1,branch,range,signed,false,8388608,random,6,20603.511,1055.388,23253.456,8673664
signed/false/range,1,branch,range,signed,false,8388608,random,7,20798.054,1055.418,23503.870,8673664
signed/false/range,1,branch,range,signed,false,8388608,random,8,20724.302,1053.788,23586.741,8673664
signed/false/range,1,branch,range,signed,false,8388608,random,9,20715.082,1058.978,23419.308,8673664
signed/false/range,1,branch,range,signed,false,8388608,random,10,20668.522,1054.808,23387.788,8673664
signed/false/range,1,branch,range,signed,false,8388608,random,11,20641.491,1050.578,23271.166,8673664
signed/false/range,1,branch,range,signed,false,8388608,random,12,20608.131,1054.408,23355.597,8673664
signed/false/range,1,branch,range,signed,false,8388608,random,13,20721.642,1057.188,23467.839,8673664
signed/false/range,1,branch,range,signed,false,8388608,random,14,20948.686,1055.908,23684.433,8673664
signed/false/range,1,branch,range,signed,false,8388608,random,15,20856.455,1072.558,23651.882,8673664
signed/false/range,1,branch,range,signed,false,8388608,random,16,21371.583,1079.079,24212.692,8673664
signed/false/range,1,branch,range,signed,false,8388608,random,17,20918.645,1059.809,23604.781,8673664
signed/false/range,1,branch,range,signed,false,8388608,random,18,21363.623,1062.518,24115.520,8673664
signed/false/range,1,branch,range,signed,false,8388608,random,19,21110.619,1071.838,23836.945,8673664
signed/false/range,1,branch,range,signed,false,8388608,random,20,20903.805,1063.158,23586.831,8673664
signed/false/range,1,branch,range,signed,false,8388608,random,21,21162.400,1068.028,23982.178,8673664
signed/false/range,1,branch,range,signed,false,8388608,random,22,20961.617,1062.178,23801.965,8673664
signed/false/range,1,branch,range,signed,false,8388608,random,23,21491.386,1063.248,24224.972,8673664
signed/false/range,1,branch,range,signed,false,8388608,random,24,21245.271,1067.458,23972.617,8673664
signed/false/range,1,branch,range,signed,false,8388608,random,25,20939.065,1049.108,23497.409,8673664
signed/false/range,1,branch,range,signed,false,8388608,random,26,20863.385,1056.028,23546.480,8673664
signed/false/range,1,branch,range,signed,false,8388608,random,27,21002.027,1059.338,23660.352,8673664
signed/false/range,1,branch,range,signed,false,8388608,random,28,20952.827,1053.267,23550.301,8673664
signed/false/range,1,branch,range,signed,false,8388608,random,29,20373.826,1048.348,22924.310,8673664
signed/false/range,1,branch,range,signed,false,8388608,random,30,20161.863,1053.098,22706.826,8673664
signed/false/range,1,branch,range,signed,false,8388608,random,31,20229.063,1047.858,22750.806,8673664
signed/false/range,1,branch,range,signed,false,8388608,random,32,20398.986,1052.178,23023.001,8673664
signed/false/range,1,branch,range,signed,false,8388608,random,33,20455.378,1052.468,23017.031,8673664
signed/false/range,1,branch,range,signed,false,8388608,random,34,20522.469,1056.478,23217.555,8673664
signed/false/range,1,branch,range,signed,false,8388608,random,35,20698.072,1052.978,23275.826,8673664
signed/false/range,1,branch,range,signed,false,8388608,random,36,20085.971,1064.599,22772.147,8673664
signed/false/range,1,branch,range,signed,false,8388608,random,37,20428.107,1049.788,23033.581,8673664
signed/false/range,1,branch,range,signed,false,8388608,random,38,20586.699,1052.748,23280.265,8673664
signed/false/range,1,branch,range,signed,false,8388608,random,39,20492.248,1046.088,23128.913,8673664
signed/false/range,1,branch,range,signed,false,8388608,random,40,20524.599,1060.138,23168.194,8673664
signed/false/range,1,branch,range,signed,false,8388608,random,41,20569.910,1057.088,23201.555,8673664
signed/false/range,1,branch,range,signed,false,8388608,random,42,20581.790,1046.348,23281.916,8673664
signed/false/range,1,branch,range,signed,false,8388608,random,43,20587.899,1047.468,23247.535,8673664
signed/false/range,1,branch,range,signed,false,8388608,random,44,20512.789,1064.528,23203.865,8673664
signed/false/range,1,branch,range,signed,false,8388608,random,45,20892.545,1052.298,23584.851,8673664
signed/false/range,1,branch,range,signed,false,8388608,random,46,20757.353,1066.638,23508.160,8673664
signed/false/range,1,branch,range,signed,false,8388608,random,47,20427.767,1049.028,23062.812,8673664
signed/false/range,1,branch,range,signed,false,8388608,random,48,20764.953,1063.318,23516.969,8673664
signed/false/range,1,branch,range,signed,false,8388608,random,49,21282.822,1085.158,24009.928,8673664
signed/false/range,1,branch,range,signed,false,8388608,random,50,20602.350,1049.308,23218.505,8673664
signed/false/range,1,branch,range,signed,false,8388608,random,51,20725.773,1047.238,23414.038,8673664
signed/false/range,1,branch,range,signed,false,8388608,random,52,20432.507,1055.068,23144.603,8673664
signed/false/range,1,branch,range,signed,false,8388608,random,53,20568.089,1059.488,23291.476,8673664
signed/false/range,1,branch,range,signed,false,8388608,random,54,20216.764,1041.457,22716.386,8673664
signed/false/range,1,branch,range,signed,false,8388608,random,55,20629.310,1057.188,23325.026,8673664
signed/false/range,1,branch,range,signed,false,8388608,random,56,21508.125,1050.738,24189.281,8673664
signed/false/range,1,branch,range,signed,false,8388608,random,57,20608.941,1051.587,23266.706,8673664
signed/false/range,1,branch,range,signed,false,8388608,random,58,20408.607,1043.168,23033.972,8673664
signed/false/range,1,branch,range,signed,false,8388608,random,59,20405.217,1043.628,23311.996,8673664
signed/false/range,1,branch,range,signed,false,8388608,random,60,21072.188,1048.908,23728.813,8673664
signed/false/range,2,branch,range,signed,false,8388608,random,0,24597.658,1066.698,26720.534,8673664
signed/false/range,2,branch,range,signed,false,8388608,random,1,20064.040,1066.708,22817.007,8673664
signed/false/range,2,branch,range,signed,false,8388608,random,2,21080.348,1077.088,23808.994,8673664
signed/false/range,2,branch,range,signed,false,8388608,random,3,21436.614,1079.088,24149.800,8673664
signed/false/range,2,branch,range,signed,false,8388608,random,4,21466.955,1070.348,24189.881,8673664
signed/false/range,2,branch,range,signed,false,8388608,random,5,21616.407,1075.399,24402.975,8673664
signed/false/range,2,branch,range,signed,false,8388608,random,6,21353.912,1070.409,24064.148,8673664
signed/false/range,2,branch,range,signed,false,8388608,random,7,21435.354,1086.388,24318.372,8673664
signed/false/range,2,branch,range,signed,false,8388608,random,8,21884.381,1111.249,24620.708,8673664
signed/false/range,2,branch,range,signed,false,8388608,random,9,21036.707,1073.018,23674.612,8673664
signed/false/range,2,branch,range,signed,false,8388608,random,10,20803.683,1059.958,23470.988,8673664
signed/false/range,2,branch,range,signed,false,8388608,random,11,20828.094,1055.588,23483.479,8673664
signed/false/range,2,branch,range,signed,false,8388608,random,12,20703.021,1055.358,23321.055,8673664
signed/false/range,2,branch,range,signed,false,8388608,random,13,20508.038,1092.448,23117.072,8673664
signed/false/range,2,branch,range,signed,false,8388608,random,14,20261.164,1051.328,22898.019,8673664
signed/false/range,2,branch,range,signed,false,8388608,random,15,20743.993,1058.688,23299.736,8673664
signed/false/range,2,branch,range,signed,false,8388608,random,16,20316.375,1053.898,22856.828,8673664
signed/false/range,2,branch,range,signed,false,8388608,random,17,20595.329,1067.338,23255.964,8673664
signed/false/range,2,branch,range,signed,false,8388608,random,18,20759.432,1051.458,23379.757,8673664
signed/false/range,2,branch,range,signed,false,8388608,random,19,20769.253,1065.848,23424.978,8673664
signed/false/range,2,branch,range,signed,false,8388608,random,20,20606.230,1057.548,23224.274,8673664
signed/false/range,2,branch,range,signed,false,8388608,random,21,21181.019,1081.059,24258.142,8673664
signed/false/range,2,branch,range,signed,false,8388608,random,22,20957.126,1060.538,23632.611,8673664
signed/false/range,2,branch,range,signed,false,8388608,random,23,20796.892,1062.048,23399.537,8673664
signed/false/range,2,branch,range,signed,false,8388608,random,24,20783.783,1057.018,23369.316,8673664
signed/false/range,2,branch,range,signed,false,8388608,random,25,20904.355,1058.548,23494.949,8673664
signed/false/range,2,branch,range,signed,false,8388608,random,26,20681.901,1059.468,23354.156,8673664
signed/false/range,2,branch,range,signed,false,8388608,random,27,21277.581,1062.988,24023.768,8673664
signed/false/range,2,branch,range,signed,false,8388608,random,28,21132.839,1057.978,23772.524,8673664
signed/false/range,2,branch,range,signed,false,8388608,random,29,21134.129,1061.318,23787.754,8673664
signed/false/range,2,branch,range,signed,false,8388608,random,30,20752.592,1059.858,23347.336,8673664
signed/false/range,2,branch,range,signed,false,8388608,random,31,20664.701,1064.528,23082.442,8673664
signed/false/range,2,branch,range,signed,false,8388608,random,32,20419.897,1055.478,23068.252,8673664
signed/false/range,2,branch,range,signed,false,8388608,random,33,20567.299,1058.408,23192.944,8673664
signed/false/range,2,branch,range,signed,false,8388608,random,34,20553.059,1063.868,23167.883,8673664
signed/false/range,2,branch,range,signed,false,8388608,random,35,20460.927,1064.818,23094.782,8673664
signed/false/range,2,branch,range,signed,false,8388608,random,36,20286.904,1057.998,23150.393,8673664
signed/false/range,2,branch,range,signed,false,8388608,random,37,21010.897,1064.018,23666.092,8673664
signed/false/range,2,branch,range,signed,false,8388608,random,38,21217.371,1062.378,24036.158,8673664
signed/false/range,2,branch,range,signed,false,8388608,random,39,20798.853,1065.118,23411.367,8673664
signed/false/range,2,branch,range,signed,false,8388608,random,40,20599.359,1062.228,23194.223,8673664
signed/false/range,2,branch,range,signed,false,8388608,random,41,20575.309,1072.698,23193.333,8673664
signed/false/range,2,branch,range,signed,false,8388608,random,42,20400.536,1056.828,23012.000,8673664
signed/false/range,2,branch,range,signed,false,8388608,random,43,20663.760,1064.788,23233.114,8673664
signed/false/range,2,branch,range,signed,false,8388608,random,44,20855.684,1057.238,23472.889,8673664
signed/false/range,2,branch,range,signed,false,8388608,random,45,20653.440,1057.428,23452.068,8673664
signed/false/range,2,branch,range,signed,false,8388608,random,46,20750.183,1064.478,23356.537,8673664
signed/false/range,2,branch,range,signed,false,8388608,random,47,20516.168,1065.448,23323.516,8673664
signed/false/range,2,branch,range,signed,false,8388608,random,48,21493.135,1122.949,24473.666,8673664
signed/false/range,2,branch,range,signed,false,8388608,random,49,21248.681,1060.068,23844.805,8673664
signed/false/range,2,branch,range,signed,false,8388608,random,50,21096.058,1070.258,23711.192,8673664
signed/false/range,2,branch,range,signed,false,8388608,random,51,21049.667,1061.788,23651.961,8673664
signed/false/range,2,branch,range,signed,false,8388608,random,52,20712.721,1065.128,23389.196,8673664
signed/false/range,2,branch,range,signed,false,8388608,random,53,20669.200,1065.928,23297.595,8673664
signed/false/range,2,branch,range,signed,false,8388608,random,54,20616.480,1058.448,23171.654,8673664
signed/false/range,2,branch,range,signed,false,8388608,random,55,20641.740,1060.208,23275.295,8673664
signed/false/range,2,branch,range,signed,false,8388608,random,56,20698.281,1061.538,23332.676,8673664
signed/false/range,2,branch,range,signed,false,8388608,random,57,20896.404,1061.668,23481.808,8673664
signed/false/range,2,branch,range,signed,false,8388608,random,58,21583.117,1064.158,24210.401,8673664
signed/false/range,2,branch,range,signed,false,8388608,random,59,20634.740,1061.918,23158.253,8673664
signed/false/range,2,branch,range,signed,false,8388608,random,60,20599.110,1068.448,23222.684,8673664
signed/false/range,3,main,range,signed,false,8388608,random,0,23674.052,1078.558,27594.508,8673664
signed/false/range,3,main,range,signed,false,8388608,random,1,19634.802,1059.548,23978.966,8673664
signed/false/range,3,main,range,signed,false,8388608,random,2,20561.438,1059.058,24982.283,8673664
signed/false/range,3,main,range,signed,false,8388608,random,3,21776.169,1054.398,26168.003,8673664
signed/false/range,3,main,range,signed,false,8388608,random,4,20407.366,1056.317,24775.660,8673664
signed/false/range,3,main,range,signed,false,8388608,random,5,20573.749,1054.648,24967.983,8673664
signed/false/range,3,main,range,signed,false,8388608,random,6,20604.339,1057.288,24996.903,8673664
signed/false/range,3,main,range,signed,false,8388608,random,7,20925.185,1076.298,25575.804,8673664
signed/false/range,3,main,range,signed,false,8388608,random,8,21596.906,1103.449,26729.723,8673664
signed/false/range,3,main,range,signed,false,8388608,random,9,22038.553,1075.069,26592.991,8673664
signed/false/range,3,main,range,signed,false,8388608,random,10,22297.568,1056.418,26992.078,8673664
signed/false/range,3,main,range,signed,false,8388608,random,11,21601.386,1076.799,26373.887,8673664
signed/false/range,3,main,range,signed,false,8388608,random,12,21797.219,1081.019,26724.813,8673664
signed/false/range,3,main,range,signed,false,8388608,random,13,22349.249,1086.789,27409.285,8673664
signed/false/range,3,main,range,signed,false,8388608,random,14,22394.339,1071.088,27349.433,8673664
signed/false/range,3,main,range,signed,false,8388608,random,15,22212.006,1087.229,27150.870,8673664
signed/false/range,3,main,range,signed,false,8388608,random,16,22327.709,1091.658,27365.774,8673664
signed/false/range,3,main,range,signed,false,8388608,random,17,22630.083,1082.079,27267.762,8673664
signed/false/range,3,main,range,signed,false,8388608,random,18,21392.233,1091.339,26408.828,8673664
signed/false/range,3,main,range,signed,false,8388608,random,19,22846.418,1113.298,28207.068,8673664
signed/false/range,3,main,range,signed,false,8388608,random,20,23075.281,1083.528,28286.139,8673664
signed/false/range,3,main,range,signed,false,8388608,random,21,23059.281,1090.188,28308.050,8673664
signed/false/range,3,main,range,signed,false,8388608,random,22,23352.336,1096.919,28697.917,8673664
signed/false/range,3,main,range,signed,false,8388608,random,23,23251.384,1085.499,28463.092,8673664
signed/false/range,3,main,range,signed,false,8388608,random,24,21145.958,1059.378,25553.363,8673664
signed/false/range,3,main,range,signed,false,8388608,random,25,21683.517,1098.179,27121.089,8673664
signed/false/range,3,main,range,signed,false,8388608,random,26,23654.721,1092.018,29064.833,8673664
signed/false/range,3,main,range,signed,false,8388608,random,27,23606.190,1096.559,28996.722,8673664
signed/false/range,3,main,range,signed,false,8388608,random,28,23170.333,1101.018,28489.113,8673664
signed/false/range,3,main,range,signed,false,8388608,random,29,22920.149,1077.708,28179.848,8673664
signed/false/range,3,main,range,signed,false,8388608,random,30,22936.658,1081.189,28246.508,8673664
signed/false/range,3,main,range,signed,false,8388608,random,31,23190.593,1105.789,28571.744,8673664
signed/false/range,3,main,range,signed,false,8388608,random,32,23086.861,1083.508,28386.561,8673664
signed/false/range,3,main,range,signed,false,8388608,random,33,22952.899,1094.069,28165.098,8673664
signed/false/range,3,main,range,signed,false,8388608,random,34,24256.141,1080.279,29641.073,8673664
signed/false/range,3,main,range,signed,false,8388608,random,35,23237.534,1094.198,28514.903,8673664
signed/false/range,3,main,range,signed,false,8388608,random,36,22969.829,1079.118,27541.366,8673664
signed/false/range,3,main,range,signed,false,8388608,random,37,21329.842,1078.588,26624.441,8673664
signed/false/range,3,main,range,signed,false,8388608,random,38,23052.571,1083.428,28257.239,8673664
signed/false/range,3,main,range,signed,false,8388608,random,39,23069.181,1077.849,28218.239,8673664
signed/false/range,3,main,range,signed,false,8388608,random,40,22852.687,1074.999,28043.415,8673664
signed/false/range,3,main,range,signed,false,8388608,random,41,23293.175,1079.178,28389.151,8673664
signed/false/range,3,main,range,signed,false,8388608,random,42,22970.939,1075.458,28063.245,8673664
signed/false/range,3,main,range,signed,false,8388608,random,43,22602.103,1091.748,28057.275,8673664
signed/false/range,3,main,range,signed,false,8388608,random,44,23052.120,1079.419,28170.747,8673664
signed/false/range,3,main,range,signed,false,8388608,random,45,23004.360,1132.229,28379.541,8673664
signed/false/range,3,main,range,signed,false,8388608,random,46,23309.985,1095.809,28547.814,8673664
signed/false/range,3,main,range,signed,false,8388608,random,47,22842.077,1079.259,27871.223,8673664
signed/false/range,3,main,range,signed,false,8388608,random,48,22480.111,1087.449,27560.127,8673664
signed/false/range,3,main,range,signed,false,8388608,random,49,22960.569,1093.998,28171.357,8673664
signed/false/range,3,main,range,signed,false,8388608,random,50,22856.437,1089.088,27890.612,8673664
signed/false/range,3,main,range,signed,false,8388608,random,51,22691.544,1073.628,27666.739,8673664
signed/false/range,3,main,range,signed,false,8388608,random,52,22866.658,1090.488,28143.907,8673664
signed/false/range,3,main,range,signed,false,8388608,random,53,23022.380,1104.728,28320.079,8673664
signed/false/range,3,main,range,signed,false,8388608,random,54,22977.109,1081.199,28275.119,8673664
signed/false/range,3,main,range,signed,false,8388608,random,55,22971.199,1081.068,28239.968,8673664
signed/false/range,3,main,range,signed,false,8388608,random,56,22955.949,1092.478,28144.307,8673664
signed/false/range,3,main,range,signed,false,8388608,random,57,22917.678,1081.089,28157.197,8673664
signed/false/range,3,main,range,signed,false,8388608,random,58,23002.579,1077.749,28291.529,8673664
signed/false/range,3,main,range,signed,false,8388608,random,59,23338.166,1077.808,28656.636,8673664
signed/false/range,3,main,range,signed,false,8388608,random,60,23306.064,1089.339,28615.654,8673664
plain/false/range,0,main,range,plain,false,8388608,random,0,595.840,14079.519,17509.977,8659328
plain/false/range,0,main,range,plain,false,8388608,random,1,267.455,11806.509,15604.404,8659328
plain/false/range,0,main,range,plain,false,8388608,random,2,234.274,11080.567,14172.290,8659328
plain/false/range,0,main,range,plain,false,8388608,random,3,225.624,10589.139,13829.984,8659328
plain/false/range,0,main,range,plain,false,8388608,random,4,221.023,10197.483,13271.674,8659328
plain/false/range,0,main,range,plain,false,8388608,random,5,211.793,10652.411,14115.839,8659328
plain/false/range,0,main,range,plain,false,8388608,random,6,253.754,10877.525,14237.701,8659328
plain/false/range,0,main,range,plain,false,8388608,random,7,242.344,10696.481,13795.313,8659328
plain/false/range,0,main,range,plain,false,8388608,random,8,225.663,10230.334,13329.745,8659328
plain/false/range,0,main,range,plain,false,8388608,random,9,231.264,11070.887,14808.720,8659328
plain/false/range,0,main,range,plain,false,8388608,random,10,272.805,12071.954,15924.909,8659328
plain/false/range,0,main,range,plain,false,8388608,random,11,280.165,12022.803,15779.437,8659328
plain/false/range,0,main,range,plain,false,8388608,random,12,249.094,11972.342,15421.201,8659328
plain/false/range,0,main,range,plain,false,8388608,random,13,274.525,10324.434,13412.027,8659328
plain/false/range,0,main,range,plain,false,8388608,random,14,212.164,10459.667,13587.971,8659328
plain/false/range,0,main,range,plain,false,8388608,random,15,229.054,10700.711,14061.788,8659328
plain/false/range,0,main,range,plain,false,8388608,random,16,257.485,11116.148,14411.544,8659328
plain/false/range,0,main,range,plain,false,8388608,random,17,234.274,10568.969,13830.624,8659328
plain/false/range,0,main,range,plain,false,8388608,random,18,232.143,10465.388,13539.919,8659328
plain/false/range,0,main,range,plain,false,8388608,random,19,217.354,10518.248,13656.201,8659328
plain/false/range,0,main,range,plain,false,8388608,random,20,219.624,10740.451,13929.485,8659328
plain/false/range,0,main,range,plain,false,8388608,random,21,269.274,10485.318,13675.101,8659328
plain/false/range,0,main,range,plain,false,8388608,random,22,264.694,10708.612,13813.713,8659328
plain/false/range,0,main,range,plain,false,8388608,random,23,210.274,10368.565,13385.437,8659328
plain/false/range,0,main,range,plain,false,8388608,random,24,220.094,10336.045,13355.636,8659328
plain/false/range,0,main,range,plain,false,8388608,random,25,223.424,10278.034,13338.186,8659328
plain/false/range,0,main,range,plain,false,8388608,random,26,215.653,10492.408,13608.740,8659328
plain/false/range,0,main,range,plain,false,8388608,random,27,196.804,10332.174,13250.805,8659328
plain/false/range,0,main,range,plain,false,8388608,random,28,237.044,10374.516,13457.448,8659328
plain/false/range,0,main,range,plain,false,8388608,random,29,219.864,10407.546,13799.684,8659328
plain/false/range,0,main,range,plain,false,8388608,random,30,198.933,10383.736,13415.217,8659328
plain/false/range,0,main,range,plain,false,8388608,random,31,244.474,10360.565,13441.417,8659328
plain/false/range,0,main,range,plain,false,8388608,random,32,239.834,10613.589,13741.812,8659328
plain/false/range,0,main,range,plain,false,8388608,random,33,229.914,10383.245,13716.702,8659328
plain/false/range,0,main,range,plain,false,8388608,random,34,273.965,10514.208,13851.235,8659328
plain/false/range,0,main,range,plain,false,8388608,random,35,219.554,10426.406,13435.627,8659328
plain/false/range,0,main,range,plain,false,8388608,random,36,234.364,10488.137,13552.289,8659328
plain/false/range,0,main,range,plain,false,8388608,random,37,286.064,10603.050,14065.098,8659328
plain/false/range,0,main,range,plain,false,8388608,random,38,286.855,11189.879,14921.563,8659328
plain/false/range,0,main,range,plain,false,8388608,random,39,272.365,11480.554,15210.497,8659328
plain/false/range,0,main,range,plain,false,8388608,random,40,261.985,11449.813,15187.787,8659328
plain/false/range,0,main,range,plain,false,8388608,random,41,249.884,10609.010,13697.012,8659328
plain/false/range,0,main,range,plain,false,8388608,random,42,220.824,10099.821,13455.188,8659328
plain/false/range,0,main,range,plain,false,8388608,random,43,243.604,10419.957,13557.970,8659328
plain/false/range,0,main,range,plain,false,8388608,random,44,235.374,10786.763,13816.134,8659328
plain/false/range,0,main,range,plain,false,8388608,random,45,242.994,10510.148,14016.368,8659328
plain/false/range,0,main,range,plain,false,8388608,random,46,265.975,10046.580,13079.091,8659328
plain/false/range,0,main,range,plain,false,8388608,random,47,237.254,10559.429,13629.141,8659328
plain/false/range,0,main,range,plain,false,8388608,random,48,239.294,10681.431,13743.822,8659328
plain/false/range,0,main,range,plain,false,8388608,random,49,270.375,10233.263,13289.105,8659328
plain/false/range,0,main,range,plain,false,8388608,random,50,272.835,10183.922,13502.349,8659328
plain/false/range,0,main,range,plain,false,8388608,random,51,273.525,11703.768,15494.233,8659328
plain/false/range,0,main,range,plain,false,8388608,random,52,280.625,11780.299,15553.393,8659328
plain/false/range,0,main,range,plain,false,8388608,random,53,282.405,11754.069,15440.411,8659328
plain/false/range,0,main,range,plain,false,8388608,random,54,283.045,11764.959,15431.691,8659328
plain/false/range,0,main,range,plain,false,8388608,random,55,256.785,11538.805,15131.746,8659328
plain/false/range,0,main,range,plain,false,8388608,random,56,258.944,11497.585,15086.405,8659328
plain/false/range,0,main,range,plain,false,8388608,random,57,273.755,11789.129,15498.802,8659328
plain/false/range,0,main,range,plain,false,8388608,random,58,286.134,11784.090,15529.303,8659328
plain/false/range,0,main,range,plain,false,8388608,random,59,272.955,11159.759,14432.594,8659328
plain/false/range,0,main,range,plain,false,8388608,random,60,247.834,11114.618,14855.421,8659328
plain/false/range,1,branch,range,plain,false,8388608,random,0,580.580,11905.351,13617.850,8659328
plain/false/range,1,branch,range,plain,false,8388608,random,1,228.123,11218.020,13317.375,8659328
plain/false/range,1,branch,range,plain,false,8388608,random,2,283.055,11713.108,13817.284,8659328
plain/false/range,1,branch,range,plain,false,8388608,random,3,269.055,11601.446,13747.263,8659328
plain/false/range,1,branch,range,plain,false,8388608,random,4,306.996,11878.171,14032.548,8659328
plain/false/range,1,branch,range,plain,false,8388608,random,5,273.735,10990.206,12705.005,8659328
plain/false/range,1,branch,range,plain,false,8388608,random,6,210.303,10296.714,11972.612,8659328
plain/false/range,1,branch,range,plain,false,8388608,random,7,249.434,11430.943,13216.503,8659328
plain/false/range,1,branch,range,plain,false,8388608,random,8,233.034,10302.844,12031.293,8659328
plain/false/range,1,branch,range,plain,false,8388608,random,9,221.234,10058.760,11926.582,8659328
plain/false/range,1,branch,range,plain,false,8388608,random,10,275.415,11304.471,13049.251,8659328
plain/false/range,1,branch,range,plain,false,8388608,random,11,222.354,10720.181,12873.068,8659328
plain/false/range,1,branch,range,plain,false,8388608,random,12,253.425,11550.115,13503.639,8659328
plain/false/range,1,branch,range,plain,false,8388608,random,13,213.194,11054.687,12840.387,8659328
plain/false/range,1,branch,range,plain,false,8388608,random,14,305.925,10802.993,13129.412,8659328
plain/false/range,1,branch,range,plain,false,8388608,random,15,223.933,10802.173,12540.461,8659328
plain/false/range,1,branch,range,plain,false,8388608,random,16,256.404,10574.979,12451.121,8659328
plain/false/range,1,branch,range,plain,false,8388608,random,17,260.355,10226.393,11973.183,8659328
plain/false/range,1,branch,range,plain,false,8388608,random,18,243.564,10123.351,11918.552,8659328
plain/false/range,1,branch,range,plain,false,8388608,random,19,245.754,10169.092,11945.472,8659328
plain/false/range,1,branch,range,plain,false,8388608,random,20,228.003,10169.402,11956.322,8659328
plain/false/range,1,branch,range,plain,false,8388608,random,21,236.484,10518.028,12359.249,8659328
plain/false/range,1,branch,range,plain,false,8388608,random,22,244.804,10514.408,12451.610,8659328
plain/false/range,1,branch,range,plain,false,8388608,random,23,233.844,10560.518,12435.790,8659328
plain/false/range,1,branch,range,plain,false,8388608,random,24,280.714,10439.967,12379.379,8659328
plain/false/range,1,branch,range,plain,false,8388608,random,25,271.044,10580.599,12481.901,8659328
plain/false/range,1,branch,range,plain,false,8388608,random,26,238.064,10717.401,12620.624,8659328
plain/false/range,1,branch,range,plain,false,8388608,random,27,251.784,10810.543,12650.384,8659328
plain/false/range,1,branch,range,plain,false,8388608,random,28,240.864,10185.832,11965.992,8659328
plain/false/range,1,branch,range,plain,false,8388608,random,29,228.103,10453.117,12295.237,8659328
plain/false/range,1,branch,range,plain,false,8388608,random,30,245.774,10429.797,12152.746,8659328
plain/false/range,1,branch,range,plain,false,8388608,random,31,258.424,10613.700,12433.770,8659328
plain/false/range,1,branch,range,plain,false,8388608,random,32,267.024,10786.243,12544.902,8659328
plain/false/range,1,branch,range,plain,false,8388608,random,33,263.284,10259.583,12008.713,8659328
plain/false/range,1,branch,range,plain,false,8388608,random,34,242.364,10206.923,11873.701,8659328
plain/false/range,1,branch,range,plain,false,8388608,random,35,258.464,10156.312,11866.951,8659328
plain/false/range,1,branch,range,plain,false,8388608,random,36,218.444,10171.992,11839.220,8659328
plain/false/range,1,branch,range,plain,false,8388608,random,37,235.184,10238.073,11989.483,8659328
plain/false/range,1,branch,range,plain,false,8388608,random,38,242.814,10200.403,11930.852,8659328
plain/false/range,1,branch,range,plain,false,8388608,random,39,226.604,10181.672,11924.742,8659328
plain/false/range,1,branch,range,plain,false,8388608,random,40,237.584,10258.684,12008.743,8659328
plain/false/range,1,branch,range,plain,false,8388608,random,41,235.834,10108.331,11842.460,8659328
plain/false/range,1,branch,range,plain,false,8388608,random,42,217.374,10173.472,11822.530,8659328
plain/false/range,1,branch,range,plain,false,8388608,random,43,220.004,10167.171,11844.730,8659328
plain/false/range,1,branch,range,plain,false,8388608,random,44,256.224,10123.621,11827.509,8659328
plain/false/range,1,branch,range,plain,false,8388608,random,45,237.994,10177.672,11982.663,8659328
plain/false/range,1,branch,range,plain,false,8388608,random,46,248.514,10239.153,11943.702,8659328
plain/false/range,1,branch,range,plain,false,8388608,random,47,248.824,10191.282,11936.731,8659328
plain/false/range,1,branch,range,plain,false,8388608,random,48,270.724,10094.401,11818.230,8659328
plain/false/range,1,branch,range,plain,false,8388608,random,49,247.614,10146.642,11860.311,8659328
plain/false/range,1,branch,range,plain,false,8388608,random,50,256.334,10126.302,11912.482,8659328
plain/false/range,1,branch,range,plain,false,8388608,random,51,261.004,10144.152,11891.861,8659328
plain/false/range,1,branch,range,plain,false,8388608,random,52,242.454,10060.260,11736.358,8659328
plain/false/range,1,branch,range,plain,false,8388608,random,53,227.634,10084.501,11726.449,8659328
plain/false/range,1,branch,range,plain,false,8388608,random,54,217.984,10009.139,11650.907,8659328
plain/false/range,1,branch,range,plain,false,8388608,random,55,243.904,9995.349,11671.527,8659328
plain/false/range,1,branch,range,plain,false,8388608,random,56,235.784,9976.189,11621.267,8659328
plain/false/range,1,branch,range,plain,false,8388608,random,57,244.914,10073.551,11757.359,8659328
plain/false/range,1,branch,range,plain,false,8388608,random,58,244.914,10011.270,11639.747,8659328
plain/false/range,1,branch,range,plain,false,8388608,random,59,240.534,10028.939,11706.018,8659328
plain/false/range,1,branch,range,plain,false,8388608,random,60,232.574,10071.720,11711.638,8659328
plain/false/range,2,branch,range,plain,false,8388608,random,0,647.771,13798.953,15667.714,8659328
plain/false/range,2,branch,range,plain,false,8388608,random,1,261.145,11642.296,13815.913,8659328
plain/false/range,2,branch,range,plain,false,8388608,random,2,279.505,11447.743,13590.479,8659328
plain/false/range,2,branch,range,plain,false,8388608,random,3,239.514,11323.191,13323.545,8659328
plain/false/range,2,branch,range,plain,false,8388608,random,4,251.525,11512.074,13672.181,8659328
plain/false/range,2,branch,range,plain,false,8388608,random,5,240.424,11407.362,13362.565,8659328
plain/false/range,2,branch,range,plain,false,8388608,random,6,265.865,11531.224,13621.310,8659328
plain/false/range,2,branch,range,plain,false,8388608,random,7,263.144,11832.320,14003.036,8659328
plain/false/range,2,branch,range,plain,false,8388608,random,8,264.014,11665.657,13665.010,8659328
plain/false/range,2,branch,range,plain,false,8388608,random,9,232.184,11516.764,13588.519,8659328
plain/false/range,2,branch,range,plain,false,8388608,random,10,267.694,11379.042,13175.092,8659328
plain/false/range,2,branch,range,plain,false,8388608,random,11,211.974,10355.155,12410.000,8659328
plain/false/range,2,branch,range,plain,false,8388608,random,12,270.915,11912.961,14024.297,8659328
plain/false/range,2,branch,range,plain,false,8388608,random,13,287.565,11927.661,14085.117,8659328
plain/false/range,2,branch,range,plain,false,8388608,random,14,289.215,11512.884,13670.591,8659328
plain/false/range,2,branch,range,plain,false,8388608,random,15,285.585,11695.948,13840.004,8659328
plain/false/range,2,branch,range,plain,false,8388608,random,16,266.024,11560.255,13676.240,8659328
plain/false/range,2,branch,range,plain,false,8388608,random,17,268.174,11824.160,13925.495,8659328
plain/false/range,2,branch,range,plain,false,8388608,random,18,277.694,11707.128,13852.953,8659328
plain/false/range,2,branch,range,plain,false,8388608,random,19,253.264,10925.155,12777.006,8659328
plain/false/range,2,branch,range,plain,false,8388608,random,20,258.585,10914.154,12645.964,8659328
plain/false/range,2,branch,range,plain,false,8388608,random,21,223.524,10109.731,11831.560,8659328
plain/false/range,2,branch,range,plain,false,8388608,random,22,217.033,10077.620,11823.619,8659328
plain/false/range,2,branch,range,plain,false,8388608,random,23,261.485,11194.809,12990.510,8659328
plain/false/range,2,branch,range,plain,false,8388608,random,24,217.334,10117.271,12155.975,8659328
plain/false/range,2,branch,range,plain,false,8388608,random,25,279.625,11009.165,12784.326,8659328
plain/false/range,2,branch,range,plain,false,8388608,random,26,214.094,10429.946,12066.284,8659328
plain/false/range,2,branch,range,plain,false,8388608,random,27,211.994,10780.062,12733.255,8659328
plain/false/range,2,branch,range,plain,false,8388608,random,28,260.084,11236.100,13259.774,8659328
plain/false/range,2,branch,range,plain,false,8388608,random,29,267.185,11603.905,13585.419,8659328
plain/false/range,2,branch,range,plain,false,8388608,random,30,252.274,11513.515,13623.640,8659328
plain/false/range,2,branch,range,plain,false,8388608,random,31,273.144,11359.612,13393.466,8659328
plain/false/range,2,branch,range,plain,false,8388608,random,32,264.425,11468.233,13502.798,8659328
plain/false/range,2,branch,range,plain,false,8388608,random,33,272.844,11377.392,13466.537,8659328
plain/false/range,2,branch,range,plain,false,8388608,random,34,265.094,11308.451,13344.655,8659328
plain/false/range,2,branch,range,plain,false,8388608,random,35,281.515,11429.493,13482.118,8659328
plain/false/range,2,branch,range,plain,false,8388608,random,36,255.884,11232.629,13234.523,8659328
plain/false/range,2,branch,range,plain,false,8388608,random,37,258.725,11440.363,13464.248,8659328
plain/false/range,2,branch,range,plain,false,8388608,random,38,267.655,11400.712,13592.130,8659328
plain/false/range,2,branch,range,plain,false,8388608,random,39,289.435,11652.727,13712.362,8659328
plain/false/range,2,branch,range,plain,false,8388608,random,40,246.164,10999.846,12934.808,8659328
plain/false/range,2,branch,range,plain,false,8388608,random,41,290.665,11881.990,13997.136,8659328
plain/false/range,2,branch,range,plain,false,8388608,random,42,272.094,11720.318,13946.785,8659328
plain/false/range,2,branch,range,plain,false,8388608,random,43,253.064,11863.860,13889.704,8659328
plain/false/range,2,branch,range,plain,false,8388608,random,44,270.394,11591.576,13664.230,8659328
plain/false/range,2,branch,range,plain,false,8388608,random,45,279.815,11539.434,13584.599,8659328
plain/false/range,2,branch,range,plain,false,8388608,random,46,275.934,11321.972,13478.707,8659328
plain/false/range,2,branch,range,plain,false,8388608,random,47,293.405,11893.250,14026.197,8659328
plain/false/range,2,branch,range,plain,false,8388608,random,48,283.065,11704.798,13803.953,8659328
plain/false/range,2,branch,range,plain,false,8388608,random,49,300.455,11861.810,14023.767,8659328
plain/false/range,2,branch,range,plain,false,8388608,random,50,288.615,11701.428,13910.415,8659328
plain/false/range,2,branch,range,plain,false,8388608,random,51,296.085,11893.960,14024.286,8659328
plain/false/range,2,branch,range,plain,false,8388608,random,52,289.125,11606.346,13640.080,8659328
plain/false/range,2,branch,range,plain,false,8388608,random,53,259.154,11603.626,13731.501,8659328
plain/false/range,2,branch,range,plain,false,8388608,random,54,261.834,11562.305,13705.541,8659328
plain/false/range,2,branch,range,plain,false,8388608,random,55,268.724,11775.499,13981.426,8659328
plain/false/range,2,branch,range,plain,false,8388608,random,56,273.915,11553.265,13588.370,8659328
plain/false/range,2,branch,range,plain,false,8388608,random,57,279.045,11655.637,13706.441,8659328
plain/false/range,2,branch,range,plain,false,8388608,random,58,272.675,11310.991,13252.564,8659328
plain/false/range,2,branch,range,plain,false,8388608,random,59,278.685,11412.002,13458.057,8659328
plain/false/range,2,branch,range,plain,false,8388608,random,60,246.554,11235.320,13178.462,8659328
plain/false/range,3,main,range,plain,false,8388608,random,0,617.460,13223.303,16730.282,8659328
plain/false/range,3,main,range,plain,false,8388608,random,1,272.905,11631.046,15201.896,8659328
plain/false/range,3,main,range,plain,false,8388608,random,2,227.484,10482.907,13587.909,8659328
plain/false/range,3,main,range,plain,false,8388608,random,3,286.724,10769.582,13788.562,8659328
plain/false/range,3,main,range,plain,false,8388608,random,4,226.534,10173.382,13156.712,8659328
plain/false/range,3,main,range,plain,false,8388608,random,5,217.353,9969.788,12883.467,8659328
plain/false/range,3,main,range,plain,false,8388608,random,6,217.384,9933.617,13794.713,8659328
plain/false/range,3,main,range,plain,false,8388608,random,7,229.084,11293.970,15072.884,8659328
plain/false/range,3,main,range,plain,false,8388608,random,8,293.515,11713.907,15787.116,8659328
plain/false/range,3,main,range,plain,false,8388608,random,9,295.545,10684.720,13745.571,8659328
plain/false/range,3,main,range,plain,false,8388608,random,10,237.364,10795.182,13903.084,8659328
plain/false/range,3,main,range,plain,false,8388608,random,11,219.403,10338.885,13755.962,8659328
plain/false/range,3,main,range,plain,false,8388608,random,12,314.115,12977.029,16979.696,8659328
plain/false/range,3,main,range,plain,false,8388608,random,13,303.535,12813.546,16669.811,8659328
plain/false/range,3,main,range,plain,false,8388608,random,14,327.376,12188.815,16024.601,8659328
plain/false/range,3,main,range,plain,false,8388608,random,15,311.425,12046.884,15844.557,8659328
plain/false/range,3,main,range,plain,false,8388608,random,16,341.756,12222.056,15623.763,8659328
plain/false/range,3,main,range,plain,false,8388608,random,17,301.595,12160.575,16105.211,8659328
plain/false/range,3,main,range,plain,false,8388608,random,18,302.435,11975.512,15100.055,8659328
plain/false/range,3,main,range,plain,false,8388608,random,19,240.754,10043.540,12964.279,8659328
plain/false/range,3,main,range,plain,false,8388608,random,20,215.444,9831.106,12751.195,8659328
plain/false/range,3,main,range,plain,false,8388608,random,21,213.663,9905.527,12798.785,8659328
plain/false/range,3,main,range,plain,false,8388608,random,22,215.223,9855.606,12726.854,8659328
plain/false/range,3,main,range,plain,false,8388608,random,23,210.713,9844.536,12737.504,8659328
plain/false/range,3,main,range,plain,false,8388608,random,24,214.383,10094.721,13018.959,8659328
plain/false/range,3,main,range,plain,false,8388608,random,25,228.903,9856.477,12772.895,8659328
plain/false/range,3,main,range,plain,false,8388608,random,26,213.984,10079.350,12989.469,8659328
plain/false/range,3,main,range,plain,false,8388608,random,27,213.383,9822.166,12758.615,8659328
plain/false/range,3,main,range,plain,false,8388608,random,28,290.155,10046.790,13034.940,8659328
plain/false/range,3,main,range,plain,false,8388608,random,29,242.034,10145.152,13135.002,8659328
plain/false/range,3,main,range,plain,false,8388608,random,30,218.234,10144.751,13062.300,8659328
plain/false/range,3,main,range,plain,false,8388608,random,31,239.694,10179.122,13140.101,8659328
plain/false/range,3,main,range,plain,false,8388608,random,32,240.444,10012.849,12963.778,8659328
plain/false/range,3,main,range,plain,false,8388608,random,33,255.904,9845.056,12853.926,8659328
plain/false/range,3,main,range,plain,false,8388608,random,34,263.204,9941.538,12901.487,8659328
plain/false/range,3,main,range,plain,false,8388608,random,35,245.894,9876.626,12783.325,8659328
plain/false/range,3,main,range,plain,false,8388608,random,36,236.964,9961.078,12915.758,8659328
plain/false/range,3,main,range,plain,false,8388608,random,37,202.323,10031.739,13042.550,8659328
plain/false/range,3,main,range,plain,false,8388608,random,38,276.195,10480.597,13566.139,8659328
plain/false/range,3,main,range,plain,false,8388608,random,39,256.935,10457.076,13532.789,8659328
plain/false/range,3,main,range,plain,false,8388608,random,40,232.794,10504.387,13561.629,8659328
plain/false/range,3,main,range,plain,false,8388608,random,41,249.905,10484.726,13472.937,8659328
plain/false/range,3,main,range,plain,false,8388608,random,42,250.284,10160.291,13133.821,8659328
plain/false/range,3,main,range,plain,false,8388608,random,43,321.315,10263.963,13382.665,8659328
plain/false/range,3,main,range,plain,false,8388608,random,44,242.324,10126.181,13167.832,8659328
plain/false/range,3,main,range,plain,false,8388608,random,45,228.474,10107.461,13079.231,8659328
plain/false/range,3,main,range,plain,false,8388608,random,46,248.444,10304.274,13295.984,8659328
plain/false/range,3,main,range,plain,false,8388608,random,47,208.643,10163.552,13219.663,8659328
plain/false/range,3,main,range,plain,false,8388608,random,48,217.714,10173.381,13151.392,8659328
plain/false/range,3,main,range,plain,false,8388608,random,49,229.144,9971.078,12920.698,8659328
plain/false/range,3,main,range,plain,false,8388608,random,50,243.274,9952.167,12970.058,8659328
plain/false/range,3,main,range,plain,false,8388608,random,51,231.343,10075.730,13064.550,8659328
plain/false/range,3,main,range,plain,false,8388608,random,52,224.314,10043.079,13043.210,8659328
plain/false/range,3,main,range,plain,false,8388608,random,53,214.984,10060.820,13073.701,8659328
plain/false/range,3,main,range,plain,false,8388608,random,54,213.314,10159.511,13111.691,8659328
plain/false/range,3,main,range,plain,false,8388608,random,55,234.284,10245.392,13367.335,8659328
plain/false/range,3,main,range,plain,false,8388608,random,56,216.393,10359.575,13304.354,8659328
plain/false/range,3,main,range,plain,false,8388608,random,57,236.784,10083.580,13035.900,8659328
plain/false/range,3,main,range,plain,false,8388608,random,58,221.863,10245.553,13251.873,8659328
plain/false/range,3,main,range,plain,false,8388608,random,59,274.334,10299.624,13366.585,8659328
plain/false/range,3,main,range,plain,false,8388608,random,60,228.824,10297.344,13334.895,8659328
