scenario,position,variant,files,bytes_per_file,compressed,mode,profile,access,zip_ms,lockbox_ms,lockbox_over_zip,zip_open_ms,zip_read_ms,lockbox_open_ms,lockbox_read_ms,zip_bytes,lockbox_bytes,corpus
small-pattern,1,existing,512,4096,false,plain,Interactive,stream,6.712,3.851,0.574,3.319,3.365,0.569,3.085,2151446,2477440,pattern
small-pattern,1,existing,512,4096,false,plain,Interactive,random,6.902,3.698,0.536,3.362,3.512,0.547,2.996,2151446,2477440,pattern
small-pattern,1,existing,512,4096,false,plain,ReadMostly,stream,6.764,3.926,0.580,3.342,3.376,0.555,3.136,2151446,2477440,pattern
small-pattern,1,existing,512,4096,false,plain,ReadMostly,random,6.881,3.687,0.536,3.362,3.518,0.547,2.986,2151446,2477440,pattern
small-pattern,1,existing,512,4096,true,plain,Interactive,stream,7.074,3.240,0.458,2.962,4.086,0.684,2.441,237078,531840,pattern
small-pattern,1,existing,512,4096,true,plain,Interactive,random,7.262,3.518,0.484,2.998,4.219,0.696,2.690,237078,531840,pattern
small-pattern,1,existing,512,4096,true,plain,ReadMostly,stream,7.117,3.513,0.494,2.988,4.109,0.691,2.643,237078,531840,pattern
small-pattern,1,existing,512,4096,true,plain,ReadMostly,random,7.271,3.803,0.523,2.989,4.190,0.695,2.905,237078,531840,pattern
small-pattern,2,experimental,512,4096,false,plain,Interactive,stream,6.348,18.530,2.919,2.938,3.347,0.661,17.771,2151446,2995584,pattern
small-pattern,2,experimental,512,4096,false,plain,Interactive,random,6.434,18.803,2.923,2.936,3.468,0.653,18.039,2151446,2995584,pattern
small-pattern,2,experimental,512,4096,false,plain,ReadMostly,stream,6.270,18.440,2.941,2.919,3.323,0.652,17.668,2151446,2995584,pattern
small-pattern,2,experimental,512,4096,false,plain,ReadMostly,random,6.424,18.725,2.915,2.936,3.459,0.655,17.953,2151446,2995584,pattern
small-pattern,2,experimental,512,4096,true,plain,Interactive,stream,6.870,20.412,2.971,2.930,3.920,0.931,19.368,237078,836992,pattern
small-pattern,2,experimental,512,4096,true,plain,Interactive,random,6.921,20.551,2.969,2.927,3.965,0.929,19.511,237078,836992,pattern
small-pattern,2,experimental,512,4096,true,plain,ReadMostly,stream,6.964,20.567,2.953,2.954,3.981,0.935,19.521,237078,836992,pattern
small-pattern,2,experimental,512,4096,true,plain,ReadMostly,random,6.952,20.807,2.993,2.943,3.982,0.937,19.721,237078,836992,pattern
small-pattern,3,experimental,512,4096,false,plain,Interactive,stream,6.455,18.849,2.920,2.963,3.445,0.697,18.037,2151446,2995584,pattern
small-pattern,3,experimental,512,4096,false,plain,Interactive,random,6.469,19.048,2.945,2.933,3.506,0.658,18.290,2151446,2995584,pattern
small-pattern,3,experimental,512,4096,false,plain,ReadMostly,stream,6.426,18.928,2.945,2.983,3.424,0.687,18.117,2151446,2995584,pattern
small-pattern,3,experimental,512,4096,false,plain,ReadMostly,random,6.547,19.049,2.910,2.955,3.549,0.661,18.283,2151446,2995584,pattern
small-pattern,3,experimental,512,4096,true,plain,Interactive,stream,7.087,20.685,2.919,3.085,3.981,0.938,19.611,237078,836992,pattern
small-pattern,3,experimental,512,4096,true,plain,Interactive,random,7.268,20.811,2.863,3.119,4.098,0.934,19.764,237078,836992,pattern
small-pattern,3,experimental,512,4096,true,plain,ReadMostly,stream,7.163,20.624,2.879,3.117,4.011,0.934,19.565,237078,836992,pattern
small-pattern,3,experimental,512,4096,true,plain,ReadMostly,random,7.207,20.725,2.876,3.113,4.063,0.922,19.692,237078,836992,pattern
small-pattern,4,existing,512,4096,false,plain,Interactive,stream,6.551,3.716,0.567,3.165,3.374,0.554,3.008,2151446,2477440,pattern
small-pattern,4,existing,512,4096,false,plain,Interactive,random,6.819,3.724,0.546,3.241,3.534,0.552,3.017,2151446,2477440,pattern
small-pattern,4,existing,512,4096,false,plain,ReadMostly,stream,6.757,3.954,0.585,3.250,3.446,0.567,3.155,2151446,2477440,pattern
small-pattern,4,existing,512,4096,false,plain,ReadMostly,random,6.830,3.677,0.538,3.238,3.555,0.542,2.983,2151446,2477440,pattern
small-pattern,4,existing,512,4096,true,plain,Interactive,stream,6.852,3.270,0.477,2.779,4.042,0.694,2.459,237078,531840,pattern
small-pattern,4,existing,512,4096,true,plain,Interactive,random,6.995,3.493,0.499,2.789,4.168,0.694,2.678,237078,531840,pattern
small-pattern,4,existing,512,4096,true,plain,ReadMostly,stream,6.879,3.495,0.508,2.791,4.059,0.697,2.622,237078,531840,pattern
small-pattern,4,existing,512,4096,true,plain,ReadMostly,random,6.978,3.791,0.543,2.803,4.158,0.705,2.890,237078,531840,pattern
1m-pattern,1,existing,4,1048576,false,plain,Interactive,stream,0.988,8.634,8.735,0.035,0.951,0.165,7.714,4194750,4464000,pattern
1m-pattern,1,existing,4,1048576,false,plain,Interactive,random,1.036,8.854,8.543,0.038,0.997,0.178,7.814,4194750,4464000,pattern
1m-pattern,1,existing,4,1048576,false,plain,Interactive,range,0.105,8.425,80.433,0.035,0.068,0.166,7.505,4194750,4464000,pattern
1m-pattern,1,existing,4,1048576,false,plain,ReadMostly,stream,1.019,9.012,8.841,0.037,0.979,0.174,7.907,4194750,4464000,pattern
1m-pattern,1,existing,4,1048576,false,plain,ReadMostly,random,1.038,8.554,8.237,0.039,0.998,0.169,7.660,4194750,4464000,pattern
1m-pattern,1,existing,4,1048576,false,plain,ReadMostly,range,0.104,8.250,79.542,0.035,0.068,0.156,7.354,4194750,4464000,pattern
1m-pattern,1,existing,4,1048576,true,plain,Interactive,stream,0.876,1.686,1.924,0.035,0.840,0.148,1.527,56150,297344,pattern
1m-pattern,1,existing,4,1048576,true,plain,Interactive,random,0.901,1.809,2.009,0.038,0.860,0.153,1.642,56150,297344,pattern
1m-pattern,1,existing,4,1048576,true,plain,Interactive,range,1.290,1.636,1.268,0.035,1.252,0.151,1.476,56150,297344,pattern
1m-pattern,1,existing,4,1048576,true,plain,ReadMostly,stream,0.906,1.871,2.064,0.036,0.869,0.157,1.623,56150,297344,pattern
1m-pattern,1,existing,4,1048576,true,plain,ReadMostly,random,0.895,1.956,2.186,0.036,0.858,0.152,1.708,56150,297344,pattern
1m-pattern,1,existing,4,1048576,true,plain,ReadMostly,range,1.295,1.789,1.381,0.035,1.258,0.148,1.548,56150,297344,pattern
1m-pattern,2,experimental,4,1048576,false,plain,Interactive,stream,0.960,2.813,2.929,0.039,0.920,0.124,2.681,4194750,4475264,pattern
1m-pattern,2,experimental,4,1048576,false,plain,Interactive,random,0.958,3.612,3.771,0.039,0.918,0.123,3.477,4194750,4475264,pattern
1m-pattern,2,experimental,4,1048576,false,plain,Interactive,range,0.107,0.504,4.720,0.039,0.067,0.122,0.375,4194750,4475264,pattern
1m-pattern,2,experimental,4,1048576,false,plain,ReadMostly,stream,0.964,2.836,2.941,0.039,0.924,0.124,2.701,4194750,4475264,pattern
1m-pattern,2,experimental,4,1048576,false,plain,ReadMostly,random,1.001,3.658,3.653,0.040,0.961,0.127,3.520,4194750,4475264,pattern
1m-pattern,2,experimental,4,1048576,false,plain,ReadMostly,range,0.107,0.521,4.854,0.039,0.067,0.126,0.386,4194750,4475264,pattern
1m-pattern,2,experimental,4,1048576,true,plain,Interactive,stream,0.880,5.139,5.836,0.033,0.847,0.150,4.968,56150,301440,pattern
1m-pattern,2,experimental,4,1048576,true,plain,Interactive,random,0.915,5.581,6.099,0.035,0.880,0.150,5.414,56150,301440,pattern
1m-pattern,2,experimental,4,1048576,true,plain,Interactive,range,1.299,5.039,3.878,0.032,1.266,0.144,4.878,56150,301440,pattern
1m-pattern,2,experimental,4,1048576,true,plain,ReadMostly,stream,0.911,5.090,5.585,0.033,0.877,0.147,4.921,56150,301440,pattern
1m-pattern,2,experimental,4,1048576,true,plain,ReadMostly,random,0.930,5.552,5.968,0.034,0.890,0.146,5.388,56150,301440,pattern
1m-pattern,2,experimental,4,1048576,true,plain,ReadMostly,range,1.303,5.060,3.884,0.032,1.267,0.144,4.897,56150,301440,pattern
1m-pattern,3,experimental,4,1048576,false,plain,Interactive,stream,0.951,2.825,2.971,0.034,0.916,0.130,2.687,4194750,4475264,pattern
1m-pattern,3,experimental,4,1048576,false,plain,Interactive,random,0.949,4.023,4.240,0.034,0.914,0.165,3.854,4194750,4475264,pattern
1m-pattern,3,experimental,4,1048576,false,plain,Interactive,range,0.103,0.565,5.500,0.034,0.068,0.139,0.407,4194750,4475264,pattern
1m-pattern,3,experimental,4,1048576,false,plain,ReadMostly,stream,1.256,3.611,2.875,0.042,1.197,0.216,3.374,4194750,4475264,pattern
1m-pattern,3,experimental,4,1048576,false,plain,ReadMostly,random,1.278,4.132,3.234,0.042,1.231,0.187,3.927,4194750,4475264,pattern
1m-pattern,3,experimental,4,1048576,false,plain,ReadMostly,range,0.104,0.541,5.196,0.034,0.069,0.132,0.394,4194750,4475264,pattern
1m-pattern,3,experimental,4,1048576,true,plain,Interactive,stream,0.945,5.347,5.658,0.035,0.907,0.171,5.140,56150,301440,pattern
1m-pattern,3,experimental,4,1048576,true,plain,Interactive,random,0.924,5.630,6.096,0.034,0.888,0.155,5.460,56150,301440,pattern
1m-pattern,3,experimental,4,1048576,true,plain,Interactive,range,1.316,5.154,3.918,0.033,1.274,0.156,4.982,56150,301440,pattern
1m-pattern,3,experimental,4,1048576,true,plain,ReadMostly,stream,0.902,5.173,5.737,0.033,0.867,0.156,4.997,56150,301440,pattern
1m-pattern,3,experimental,4,1048576,true,plain,ReadMostly,random,0.899,5.569,6.195,0.033,0.863,0.153,5.397,56150,301440,pattern
1m-pattern,3,experimental,4,1048576,true,plain,ReadMostly,range,1.290,5.052,3.916,0.033,1.256,0.147,4.888,56150,301440,pattern
1m-pattern,4,existing,4,1048576,false,plain,Interactive,stream,0.966,8.576,8.876,0.033,0.932,0.163,7.649,4194750,4464000,pattern
1m-pattern,4,existing,4,1048576,false,plain,Interactive,random,0.975,8.463,8.682,0.033,0.940,0.163,7.579,4194750,4464000,pattern
1m-pattern,4,existing,4,1048576,false,plain,Interactive,range,0.101,8.279,82.173,0.033,0.067,0.151,7.389,4194750,4464000,pattern
1m-pattern,4,existing,4,1048576,false,plain,ReadMostly,stream,1.001,9.022,9.013,0.033,0.967,0.174,7.922,4194750,4464000,pattern
1m-pattern,4,existing,4,1048576,false,plain,ReadMostly,random,1.007,8.501,8.441,0.033,0.966,0.169,7.598,4194750,4464000,pattern
1m-pattern,4,existing,4,1048576,false,plain,ReadMostly,range,0.100,8.748,87.068,0.033,0.066,0.186,7.708,4194750,4464000,pattern
1m-pattern,4,existing,4,1048576,true,plain,Interactive,stream,0.881,1.691,1.919,0.033,0.847,0.152,1.523,56150,297344,pattern
1m-pattern,4,existing,4,1048576,true,plain,Interactive,random,0.887,1.768,1.993,0.033,0.853,0.148,1.607,56150,297344,pattern
1m-pattern,4,existing,4,1048576,true,plain,Interactive,range,1.272,1.621,1.274,0.032,1.236,0.148,1.463,56150,297344,pattern
1m-pattern,4,existing,4,1048576,true,plain,ReadMostly,stream,0.888,1.885,2.122,0.033,0.852,0.158,1.632,56150,297344,pattern
1m-pattern,4,existing,4,1048576,true,plain,ReadMostly,random,0.888,1.960,2.207,0.033,0.853,0.157,1.710,56150,297344,pattern
1m-pattern,4,existing,4,1048576,true,plain,ReadMostly,range,1.270,1.794,1.412,0.032,1.236,0.155,1.558,56150,297344,pattern
8m-pattern,1,existing,4,8388608,false,plain,Interactive,stream,8.956,48.325,5.396,0.054,8.898,0.220,45.283,33554878,33832320,pattern
8m-pattern,1,existing,4,8388608,false,plain,Interactive,random,8.988,48.581,5.405,0.052,8.929,0.216,45.498,33554878,33832320,pattern
8m-pattern,1,existing,4,8388608,false,plain,Interactive,range,0.118,46.083,389.081,0.041,0.076,0.220,42.946,33554878,33832320,pattern
8m-pattern,1,existing,4,8388608,false,plain,ReadMostly,stream,8.919,55.936,6.272,0.053,8.861,0.214,50.011,33554878,33832320,pattern
8m-pattern,1,existing,4,8388608,false,plain,ReadMostly,random,8.935,42.959,4.808,0.053,8.878,0.222,40.867,33554878,33832320,pattern
8m-pattern,1,existing,4,8388608,false,plain,ReadMostly,range,0.118,40.379,341.929,0.041,0.076,0.219,38.315,33554878,33832320,pattern
8m-pattern,1,existing,4,8388608,true,plain,Interactive,stream,7.365,11.550,1.568,0.051,7.308,0.206,11.310,436588,444800,pattern
8m-pattern,1,existing,4,8388608,true,plain,Interactive,random,7.352,12.280,1.670,0.049,7.298,0.209,12.031,436588,444800,pattern
8m-pattern,1,existing,4,8388608,true,plain,Interactive,range,9.582,10.254,1.070,0.045,9.535,0.177,10.049,436588,444800,pattern
8m-pattern,1,existing,4,8388608,true,plain,ReadMostly,stream,7.449,15.076,2.024,0.049,7.395,0.259,12.708,436588,444800,pattern
8m-pattern,1,existing,4,8388608,true,plain,ReadMostly,random,7.445,16.518,2.219,0.051,7.390,0.268,14.101,436588,444800,pattern
8m-pattern,1,existing,4,8388608,true,plain,ReadMostly,range,9.505,14.134,1.487,0.042,9.457,0.254,11.739,436588,444800,pattern
8m-pattern,2,experimental,4,8388608,false,plain,Interactive,stream,8.561,22.050,2.576,0.049,8.508,0.172,21.857,33554878,33908096,pattern
8m-pattern,2,experimental,4,8388608,false,plain,Interactive,random,8.487,28.542,3.363,0.049,8.434,0.170,28.347,33554878,33908096,pattern
8m-pattern,2,experimental,4,8388608,false,plain,Interactive,range,0.103,1.015,9.855,0.036,0.066,0.164,0.819,33554878,33908096,pattern
8m-pattern,2,experimental,4,8388608,false,plain,ReadMostly,stream,8.779,22.149,2.523,0.049,8.716,0.178,21.946,33554878,33908096,pattern
8m-pattern,2,experimental,4,8388608,false,plain,ReadMostly,random,9.020,28.986,3.213,0.055,8.963,0.176,28.786,33554878,33908096,pattern
8m-pattern,2,experimental,4,8388608,false,plain,ReadMostly,range,0.119,1.198,10.056,0.042,0.076,0.190,0.994,33554878,33908096,pattern
8m-pattern,2,experimental,4,8388608,true,plain,Interactive,stream,7.569,12.153,1.606,0.047,7.518,0.193,11.925,436588,458112,pattern
8m-pattern,2,experimental,4,8388608,true,plain,Interactive,random,7.611,15.528,2.040,0.047,7.556,0.190,15.315,436588,458112,pattern
8m-pattern,2,experimental,4,8388608,true,plain,Interactive,range,9.546,10.597,1.110,0.035,9.509,0.157,10.425,436588,458112,pattern
8m-pattern,2,experimental,4,8388608,true,plain,ReadMostly,stream,7.562,12.108,1.601,0.046,7.512,0.191,11.891,436588,458112,pattern
8m-pattern,2,experimental,4,8388608,true,plain,ReadMostly,random,7.598,15.523,2.043,0.047,7.545,0.191,15.309,436588,458112,pattern
8m-pattern,2,experimental,4,8388608,true,plain,ReadMostly,range,9.534,10.541,1.106,0.035,9.487,0.157,10.374,436588,458112,pattern
8m-pattern,3,experimental,4,8388608,false,plain,Interactive,stream,8.308,22.034,2.652,0.046,8.257,0.169,21.841,33554878,33908096,pattern
8m-pattern,3,experimental,4,8388608,false,plain,Interactive,random,8.290,28.621,3.452,0.046,8.239,0.161,28.437,33554878,33908096,pattern
8m-pattern,3,experimental,4,8388608,false,plain,Interactive,range,0.102,0.913,8.953,0.034,0.067,0.132,0.772,33554878,33908096,pattern
8m-pattern,3,experimental,4,8388608,false,plain,ReadMostly,stream,8.339,22.039,2.643,0.046,8.289,0.162,21.853,33554878,33908096,pattern
8m-pattern,3,experimental,4,8388608,false,plain,ReadMostly,random,8.352,28.606,3.425,0.047,8.303,0.167,28.386,33554878,33908096,pattern
8m-pattern,3,experimental,4,8388608,false,plain,ReadMostly,range,0.104,0.909,8.758,0.034,0.068,0.132,0.766,33554878,33908096,pattern
8m-pattern,3,experimental,4,8388608,true,plain,Interactive,stream,7.333,12.013,1.638,0.047,7.281,0.192,11.798,436588,458112,pattern
8m-pattern,3,experimental,4,8388608,true,plain,Interactive,random,7.486,15.594,2.083,0.048,7.433,0.191,15.368,436588,458112,pattern
8m-pattern,3,experimental,4,8388608,true,plain,Interactive,range,9.587,10.654,1.111,0.036,9.547,0.162,10.482,436588,458112,pattern
8m-pattern,3,experimental,4,8388608,true,plain,ReadMostly,stream,7.500,12.037,1.605,0.047,7.447,0.192,11.813,436588,458112,pattern
8m-pattern,3,experimental,4,8388608,true,plain,ReadMostly,random,7.524,15.636,2.078,0.052,7.461,0.201,15.410,436588,458112,pattern
8m-pattern,3,experimental,4,8388608,true,plain,ReadMostly,range,9.620,10.744,1.117,0.041,9.578,0.175,10.557,436588,458112,pattern
8m-pattern,4,existing,4,8388608,false,plain,Interactive,stream,8.489,49.266,5.803,0.049,8.436,0.225,45.834,33554878,33832320,pattern
8m-pattern,4,existing,4,8388608,false,plain,Interactive,random,8.374,48.681,5.813,0.049,8.321,0.225,45.365,33554878,33832320,pattern
8m-pattern,4,existing,4,8388608,false,plain,Interactive,range,0.108,46.887,434.417,0.037,0.069,0.232,43.568,33554878,33832320,pattern
8m-pattern,4,existing,4,8388608,false,plain,ReadMostly,stream,8.466,56.851,6.715,0.050,8.412,0.227,50.553,33554878,33832320,pattern
8m-pattern,4,existing,4,8388608,false,plain,ReadMostly,random,8.464,43.290,5.115,0.049,8.410,0.239,41.179,33554878,33832320,pattern
8m-pattern,4,existing,4,8388608,false,plain,ReadMostly,range,0.106,40.953,385.800,0.037,0.068,0.241,38.749,33554878,33832320,pattern
8m-pattern,4,existing,4,8388608,true,plain,Interactive,stream,7.364,11.584,1.573,0.048,7.287,0.200,11.343,436588,444800,pattern
8m-pattern,4,existing,4,8388608,true,plain,Interactive,random,7.371,12.340,1.674,0.051,7.316,0.217,12.070,436588,444800,pattern
8m-pattern,4,existing,4,8388608,true,plain,Interactive,range,9.622,10.362,1.077,0.044,9.558,0.182,10.166,436588,444800,pattern
8m-pattern,4,existing,4,8388608,true,plain,ReadMostly,stream,7.396,15.344,2.075,0.051,7.340,0.259,12.940,436588,444800,pattern
8m-pattern,4,existing,4,8388608,true,plain,ReadMostly,random,7.398,16.551,2.237,0.052,7.341,0.264,14.071,436588,444800,pattern
8m-pattern,4,existing,4,8388608,true,plain,ReadMostly,range,9.435,14.121,1.497,0.041,9.392,0.260,11.705,436588,444800,pattern
64m-pattern,1,existing,4,67108864,false,plain,Interactive,stream,66.339,392.967,5.924,0.050,66.285,0.321,379.101,268435902,268757376,pattern
64m-pattern,1,existing,4,67108864,false,plain,Interactive,random,83.674,387.606,4.632,0.058,83.610,0.343,374.438,268435902,268757376,pattern
64m-pattern,1,existing,4,67108864,false,plain,Interactive,range,0.116,64.988,558.695,0.039,0.076,0.294,60.477,268435902,268757376,pattern
64m-pattern,1,existing,4,67108864,false,plain,ReadMostly,stream,83.394,436.749,5.237,0.060,83.328,0.372,417.237,268435902,268757376,pattern
64m-pattern,1,existing,4,67108864,false,plain,ReadMostly,random,85.271,364.837,4.279,0.058,85.205,0.356,356.294,268435902,268757376,pattern
64m-pattern,1,existing,4,67108864,false,plain,ReadMostly,range,0.120,66.776,556.877,0.041,0.078,0.291,61.965,268435902,268757376,pattern
64m-pattern,1,existing,4,67108864,true,plain,Interactive,stream,58.700,99.611,1.697,0.051,58.644,0.319,99.141,3479856,1846656,pattern
64m-pattern,1,existing,4,67108864,true,plain,Interactive,random,59.200,105.732,1.786,0.056,59.138,0.327,105.207,3479856,1846656,pattern
64m-pattern,1,existing,4,67108864,true,plain,Interactive,range,132.085,19.152,0.145,0.066,132.013,0.401,18.620,3479856,1846656,pattern
64m-pattern,1,existing,4,67108864,true,plain,ReadMostly,stream,94.313,170.614,1.809,0.073,94.240,0.480,165.144,3479856,1846656,pattern
64m-pattern,1,existing,4,67108864,true,plain,ReadMostly,random,94.178,125.755,1.335,0.074,94.096,0.365,121.099,3479856,1846656,pattern
64m-pattern,1,existing,4,67108864,true,plain,ReadMostly,range,77.469,16.859,0.218,0.058,77.404,0.353,14.112,3479856,1846656,pattern
64m-pattern,2,experimental,4,67108864,false,plain,Interactive,stream,84.532,179.361,2.122,0.056,84.473,0.240,179.066,268435902,269385088,pattern
64m-pattern,2,experimental,4,67108864,false,plain,Interactive,random,89.524,262.873,2.936,0.061,89.458,0.248,262.521,268435902,269385088,pattern
64m-pattern,2,experimental,4,67108864,false,plain,Interactive,range,0.120,1.060,8.810,0.042,0.077,0.213,0.836,268435902,269385088,pattern
64m-pattern,2,experimental,4,67108864,false,plain,ReadMostly,stream,87.690,191.297,2.182,0.058,87.624,0.316,190.937,268435902,269385088,pattern
64m-pattern,2,experimental,4,67108864,false,plain,ReadMostly,random,91.214,248.394,2.723,0.060,91.146,0.299,248.046,268435902,269385088,pattern
64m-pattern,2,experimental,4,67108864,false,plain,ReadMostly,range,0.118,1.035,8.753,0.041,0.076,0.210,0.804,268435902,269385088,pattern
64m-pattern,2,experimental,4,67108864,true,plain,Interactive,stream,59.367,318.499,5.365,0.050,59.312,0.341,318.109,3479856,1967488,pattern
64m-pattern,2,experimental,4,67108864,true,plain,Interactive,random,59.306,347.385,5.858,0.055,59.244,0.354,346.980,3479856,1967488,pattern
64m-pattern,2,experimental,4,67108864,true,plain,Interactive,range,75.528,39.015,0.517,0.045,75.472,0.309,38.681,3479856,1967488,pattern
64m-pattern,2,experimental,4,67108864,true,plain,ReadMostly,stream,58.916,321.387,5.455,0.056,58.856,0.357,320.984,3479856,1967488,pattern
64m-pattern,2,experimental,4,67108864,true,plain,ReadMostly,random,60.681,361.075,5.950,0.058,60.619,0.365,360.582,3479856,1967488,pattern
64m-pattern,2,experimental,4,67108864,true,plain,ReadMostly,range,75.865,39.466,0.520,0.050,75.810,0.332,39.027,3479856,1967488,pattern
64m-pattern,3,experimental,4,67108864,false,plain,Interactive,stream,86.201,176.773,2.051,0.060,86.133,0.231,176.497,268435902,269385088,pattern
64m-pattern,3,experimental,4,67108864,false,plain,Interactive,random,86.622,233.955,2.701,0.058,86.556,0.237,233.680,268435902,269385088,pattern
64m-pattern,3,experimental,4,67108864,false,plain,Interactive,range,0.121,1.041,8.633,0.041,0.078,0.210,0.808,268435902,269385088,pattern
64m-pattern,3,experimental,4,67108864,false,plain,ReadMostly,stream,90.042,189.949,2.110,0.059,89.979,0.301,189.646,268435902,269385088,pattern
64m-pattern,3,experimental,4,67108864,false,plain,ReadMostly,random,85.274,251.616,2.951,0.058,85.213,0.296,251.277,268435902,269385088,pattern
64m-pattern,3,experimental,4,67108864,false,plain,ReadMostly,range,0.121,1.042,8.614,0.043,0.077,0.211,0.809,268435902,269385088,pattern
64m-pattern,3,experimental,4,67108864,true,plain,Interactive,stream,59.555,323.315,5.429,0.053,59.494,0.348,322.929,3479856,1967488,pattern
64m-pattern,3,experimental,4,67108864,true,plain,Interactive,random,59.965,354.667,5.915,0.056,59.900,0.350,354.267,3479856,1967488,pattern
64m-pattern,3,experimental,4,67108864,true,plain,Interactive,range,79.500,48.037,0.604,0.056,79.439,0.495,47.598,3479856,1967488,pattern
64m-pattern,3,experimental,4,67108864,true,plain,ReadMostly,stream,63.537,324.015,5.100,0.055,63.477,0.354,323.611,3479856,1967488,pattern
64m-pattern,3,experimental,4,67108864,true,plain,ReadMostly,random,59.198,348.432,5.886,0.053,59.139,0.355,347.991,3479856,1967488,pattern
64m-pattern,3,experimental,4,67108864,true,plain,ReadMostly,range,75.590,39.220,0.519,0.042,75.545,0.313,38.863,3479856,1967488,pattern
64m-pattern,4,existing,4,67108864,false,plain,Interactive,stream,67.616,403.799,5.972,0.052,67.519,0.313,389.293,268435902,268757376,pattern
64m-pattern,4,existing,4,67108864,false,plain,Interactive,random,89.001,391.470,4.398,0.059,88.938,0.323,378.395,268435902,268757376,pattern
64m-pattern,4,existing,4,67108864,false,plain,Interactive,range,0.119,65.340,550.411,0.039,0.079,0.287,60.830,268435902,268757376,pattern
64m-pattern,4,existing,4,67108864,false,plain,ReadMostly,stream,84.805,441.806,5.210,0.057,84.745,0.365,423.884,268435902,268757376,pattern
64m-pattern,4,existing,4,67108864,false,plain,ReadMostly,random,84.732,365.269,4.311,0.058,84.668,0.359,356.111,268435902,268757376,pattern
64m-pattern,4,existing,4,67108864,false,plain,ReadMostly,range,0.124,65.750,528.361,0.042,0.082,0.299,61.306,268435902,268757376,pattern
64m-pattern,4,existing,4,67108864,true,plain,Interactive,stream,58.133,99.402,1.710,0.050,58.078,0.309,98.947,3479856,1846656,pattern
64m-pattern,4,existing,4,67108864,true,plain,Interactive,random,58.880,104.871,1.781,0.051,58.823,0.322,104.412,3479856,1846656,pattern
64m-pattern,4,existing,4,67108864,true,plain,Interactive,range,73.970,12.529,0.169,0.043,73.927,0.256,12.213,3479856,1846656,pattern
64m-pattern,4,existing,4,67108864,true,plain,ReadMostly,stream,58.645,120.393,2.053,0.053,58.584,0.367,115.850,3479856,1846656,pattern
64m-pattern,4,existing,4,67108864,true,plain,ReadMostly,random,58.361,126.266,2.164,0.055,58.300,0.380,121.645,3479856,1846656,pattern
64m-pattern,4,existing,4,67108864,true,plain,ReadMostly,range,75.508,16.661,0.221,0.049,75.463,0.364,14.022,3479856,1846656,pattern
8m-random,1,existing,4,8388608,false,plain,Interactive,stream,8.395,49.138,5.853,0.051,8.337,0.229,45.732,33554878,33832320,random
8m-random,1,existing,4,8388608,false,plain,Interactive,random,8.437,48.347,5.730,0.051,8.382,0.227,45.114,33554878,33832320,random
8m-random,1,existing,4,8388608,false,plain,Interactive,range,0.107,46.931,438.677,0.039,0.066,0.230,43.571,33554878,33832320,random
8m-random,1,existing,4,8388608,false,plain,ReadMostly,stream,8.461,56.852,6.720,0.051,8.405,0.226,50.826,33554878,33832320,random
8m-random,1,existing,4,8388608,false,plain,ReadMostly,random,8.458,43.693,5.166,0.051,8.401,0.229,41.417,33554878,33832320,random
8m-random,1,existing,4,8388608,false,plain,ReadMostly,range,0.136,40.440,298.163,0.048,0.080,0.231,38.324,33554878,33832320,random
8m-random,1,existing,4,8388608,true,plain,Interactive,stream,18.458,44.104,2.389,0.045,18.409,0.257,41.915,33565138,33831296,random
8m-random,1,existing,4,8388608,true,plain,Interactive,random,18.318,42.710,2.332,0.046,18.268,0.261,40.599,33565138,33831296,random
8m-random,1,existing,4,8388608,true,plain,Interactive,range,25.263,40.647,1.609,0.035,25.227,0.261,38.550,33565138,33831296,random
8m-random,1,existing,4,8388608,true,plain,ReadMostly,stream,18.462,57.612,3.120,0.046,18.411,0.256,51.481,33565138,33831296,random
8m-random,1,existing,4,8388608,true,plain,ReadMostly,random,18.690,43.532,2.329,0.046,18.633,0.271,41.433,33565138,33831296,random
8m-random,1,existing,4,8388608,true,plain,ReadMostly,range,26.459,42.124,1.592,0.044,26.410,0.272,39.872,33565138,33831296,random
8m-random,2,experimental,4,8388608,false,plain,Interactive,stream,8.757,22.306,2.547,0.052,8.702,0.170,22.115,33554878,33908096,random
8m-random,2,experimental,4,8388608,false,plain,Interactive,random,8.518,28.713,3.371,0.049,8.464,0.166,28.523,33554878,33908096,random
8m-random,2,experimental,4,8388608,false,plain,Interactive,range,0.107,0.925,8.638,0.037,0.069,0.141,0.768,33554878,33908096,random
8m-random,2,experimental,4,8388608,false,plain,ReadMostly,stream,8.589,22.172,2.581,0.050,8.529,0.165,21.981,33554878,33908096,random
8m-random,2,experimental,4,8388608,false,plain,ReadMostly,random,8.493,28.608,3.368,0.050,8.439,0.166,28.420,33554878,33908096,random
8m-random,2,experimental,4,8388608,false,plain,ReadMostly,range,0.107,0.907,8.511,0.037,0.069,0.134,0.761,33554878,33908096,random
8m-random,2,experimental,4,8388608,true,plain,Interactive,stream,18.074,22.529,1.246,0.047,18.022,0.215,22.240,33565138,33906048,random
8m-random,2,experimental,4,8388608,true,plain,Interactive,random,17.769,29.129,1.639,0.046,17.718,0.199,28.882,33565138,33906048,random
8m-random,2,experimental,4,8388608,true,plain,Interactive,range,24.410,1.001,0.041,0.036,24.362,0.167,0.824,33565138,33906048,random
8m-random,2,experimental,4,8388608,true,plain,ReadMostly,stream,17.821,22.846,1.282,0.044,17.772,0.209,22.611,33565138,33906048,random
8m-random,2,experimental,4,8388608,true,plain,ReadMostly,random,19.934,29.333,1.472,0.049,19.876,0.199,29.114,33565138,33906048,random
8m-random,2,experimental,4,8388608,true,plain,ReadMostly,range,24.526,0.998,0.041,0.036,24.482,0.168,0.821,33565138,33906048,random
8m-random,3,experimental,4,8388608,false,plain,Interactive,stream,9.449,23.228,2.458,0.053,9.389,0.173,23.029,33554878,33908096,random
8m-random,3,experimental,4,8388608,false,plain,Interactive,random,10.252,30.417,2.967,0.058,10.191,0.181,30.205,33554878,33908096,random
8m-random,3,experimental,4,8388608,false,plain,Interactive,range,0.124,0.980,7.918,0.041,0.079,0.149,0.821,33554878,33908096,random
8m-random,3,experimental,4,8388608,false,plain,ReadMostly,stream,10.183,24.069,2.364,0.056,10.115,0.203,23.849,33554878,33908096,random
8m-random,3,experimental,4,8388608,false,plain,ReadMostly,random,10.465,30.453,2.910,0.061,10.398,0.190,30.241,33554878,33908096,random
8m-random,3,experimental,4,8388608,false,plain,ReadMostly,range,0.118,0.965,8.166,0.040,0.077,0.152,0.802,33554878,33908096,random
8m-random,3,experimental,4,8388608,true,plain,Interactive,stream,19.493,23.333,1.197,0.052,19.435,0.207,23.099,33565138,33906048,random
8m-random,3,experimental,4,8388608,true,plain,Interactive,random,19.305,30.898,1.600,0.053,19.254,0.207,30.664,33565138,33906048,random
8m-random,3,experimental,4,8388608,true,plain,Interactive,range,26.883,1.006,0.037,0.056,26.814,0.158,0.835,33565138,33906048,random
8m-random,3,experimental,4,8388608,true,plain,ReadMostly,stream,19.910,24.603,1.236,0.056,19.846,0.216,24.290,33565138,33906048,random
8m-random,3,experimental,4,8388608,true,plain,ReadMostly,random,19.025,29.290,1.540,0.055,18.973,0.189,29.077,33565138,33906048,random
8m-random,3,experimental,4,8388608,true,plain,ReadMostly,range,25.798,0.991,0.038,0.052,25.746,0.157,0.824,33565138,33906048,random
8m-random,4,existing,4,8388608,false,plain,Interactive,stream,8.522,49.821,5.846,0.049,8.462,0.225,46.639,33554878,33832320,random
8m-random,4,existing,4,8388608,false,plain,Interactive,random,9.571,50.580,5.285,0.048,9.517,0.241,46.864,33554878,33832320,random
8m-random,4,existing,4,8388608,false,plain,Interactive,range,0.122,48.932,401.700,0.043,0.078,0.243,45.295,33554878,33832320,random
8m-random,4,existing,4,8388608,false,plain,ReadMostly,stream,9.250,61.173,6.613,0.056,9.188,0.233,54.337,33554878,33832320,random
8m-random,4,existing,4,8388608,false,plain,ReadMostly,random,9.973,45.657,4.578,0.059,9.906,0.249,43.152,33554878,33832320,random
8m-random,4,existing,4,8388608,false,plain,ReadMostly,range,0.122,42.738,349.135,0.043,0.078,0.242,40.329,33554878,33832320,random
8m-random,4,existing,4,8388608,true,plain,Interactive,stream,18.234,46.477,2.549,0.050,18.179,0.283,43.984,33565138,33831296,random
8m-random,4,existing,4,8388608,true,plain,Interactive,random,17.847,44.166,2.475,0.050,17.793,0.279,41.976,33565138,33831296,random
8m-random,4,existing,4,8388608,true,plain,Interactive,range,24.677,42.939,1.740,0.049,24.601,0.280,40.396,33565138,33831296,random
8m-random,4,existing,4,8388608,true,plain,ReadMostly,stream,20.072,62.192,3.098,0.054,20.012,0.266,54.277,33565138,33831296,random
8m-random,4,existing,4,8388608,true,plain,ReadMostly,random,20.261,44.953,2.219,0.055,20.202,0.278,42.708,33565138,33831296,random
8m-random,4,existing,4,8388608,true,plain,ReadMostly,range,28.153,41.814,1.485,0.049,28.098,0.266,39.522,33565138,33831296,random
